patient_id,observation_day,pregnancy_week,systolic_bp,diastolic_bp,heart_rate,temperature,spo2,headache,blurred_vision,bleeding,abdominal_pain,swelling,reduced_fetal_movement,previous_systolic_bp,internet_status,communication_status,clinician_decision,data_quality
P093,9,21,125.0,83.0,64.0,36.6,100.0,No,No,No,No,No,No,,Online,Failed,Continue Monitoring,Good
P028,5,12,,97.0,89.0,36.2,96.0,Yes,Yes,Yes,No,No,No,,Online,Not Required,Immediate Referral,Incomplete
P007,9,19,144.0,92.0,83.0,36.7,98.0,No,No,No,No,No,No,,Online,Completed,Clinician Review,Good
P040,14,24,125.0,74.0,66.0,36.2,100.0,Yes,Yes,No,No,Yes,Yes,,Online,Pending,Immediate Referral,Good
P037,38,21,110.0,72.0,100.0,36.7,99.0,No,No,No,No,No,No,,Offline,Not Required,Continue Monitoring,Good
P056,38,12,150.0,94.0,83.0,36.7,95.0,No,No,No,No,Yes,Yes,,Online,Pending,Clinician Review,Good
P012,52,24,129.0,79.0,91.0,36.4,96.0,No,No,No,No,Yes,No,,Online,Not Required,Schedule Follow-up,Good
P070,17,26,133.0,73.0,83.0,36.8,95.0,No,No,No,No,No,No,,Online,Completed,Schedule Follow-up,Good
P036,45,20,126.0,83.0,86.0,37.3,95.0,No,No,No,No,No,No,,Online,Completed,Continue Monitoring,Good
P030,33,14,137.0,76.0,69.0,36.5,96.0,No,No,No,No,No,No,,Online,Failed,Schedule Follow-up,Good
P017,51,29,119.0,76.0,69.0,36.3,99.0,No,No,No,No,No,Yes,,Offline,Failed,Schedule Follow-up,Good
P043,6,27,120.0,76.0,78.0,37.0,97.0,No,No,No,No,Yes,No,,Online,Pending,Schedule Follow-up,Good
P075,8,31,121.0,75.0,68.0,37.2,99.0,No,No,No,No,No,No,,Online,Pending,Continue Monitoring,Good
P063,14,19,146.0,93.0,70.0,36.8,99.0,Yes,No,No,Yes,Yes,No,,Online,Completed,Immediate Referral,Good
P056,1,12,205.0,110.0,87.0,36.3,97.0,No,No,No,No,No,No,201.0,Online,Pending,Immediate Referral,Good
P058,46,14,118.0,74.0,99.0,37.1,95.0,No,No,No,No,No,No,,Offline,Completed,Continue Monitoring,Good
P066,17,22,127.0,78.0,98.0,37.4,96.0,No,No,No,No,No,No,,Online,Completed,Continue Monitoring,Good
P067,28,23,116.0,76.0,79.0,37.2,100.0,No,No,No,No,No,No,,Online,Not Required,Continue Monitoring,Good
P064,16,20,112.0,78.0,75.0,36.1,100.0,No,Yes,No,No,No,No,,Online,Pending,Schedule Follow-up,Good
P049,4,33,150.0,95.0,93.0,36.6,96.0,Yes,No,No,No,No,No,,Online,Not Required,Clinician Review,Good
P012,33,24,124.0,83.0,78.0,37.1,100.0,No,No,No,No,No,No,129.0,Online,Completed,Continue Monitoring,Good
P077,18,33,145.0,97.0,65.0,36.6,98.0,No,No,No,No,Yes,No,,Online,Not Required,Clinician Review,Good
P040,4,24,113.0,72.0,86.0,36.6,98.0,No,No,Yes,No,No,No,106.0,Online,Not Required,Schedule Follow-up,Good
P059,8,15,113.0,76.0,62.0,,96.0,No,No,No,Yes,No,No,,Online,Failed,Schedule Follow-up,Incomplete
P055,26,39,135.0,74.0,89.0,37.5,99.0,No,No,No,No,No,No,,Online,Failed,Schedule Follow-up,Good
P010,29,22,,73.0,99.0,37.3,98.0,No,No,No,No,No,No,,Online,Not Required,Schedule Follow-up,Incomplete
P074,32,30,119.0,72.0,76.0,37.0,100.0,No,No,No,No,No,No,,Online,Not Required,Continue Monitoring,Good
P031,25,15,117.0,73.0,89.0,37.1,99.0,No,No,No,No,No,No,,Online,Failed,Continue Monitoring,Good
P007,5,19,149.0,92.0,63.0,37.3,99.0,Yes,No,No,No,No,No,142.0,Offline,Completed,Clinician Review,Good
P060,26,16,134.0,78.0,79.0,37.1,98.0,Yes,Yes,Yes,No,Yes,Yes,,Online,Failed,Immediate Referral,Good
P094,7,22,116.0,73.0,68.0,37.2,100.0,No,No,No,No,No,No,,Online,Failed,Continue Monitoring,Good
P041,40,25,116.0,76.0,68.0,37.1,96.0,No,No,No,No,No,No,,Online,Not Required,Continue Monitoring,Good
P056,13,12,151.0,95.0,99.0,37.2,95.0,Yes,Yes,No,No,No,No,152.0,Online,Pending,Clinician Review,Good
P028,1,12,143.0,98.0,96.0,36.5,99.0,No,No,No,No,No,No,138.0,Online,Not Required,Clinician Review,Good
P080,19,36,131.0,75.0,84.0,37.2,97.0,Yes,Yes,No,No,Yes,No,,Online,Not Required,Immediate Referral,Good
P054,22,38,128.0,81.0,68.0,36.6,97.0,No,No,No,No,Yes,No,,Online,Not Required,Schedule Follow-up,Good
P024,36,36,130.0,81.0,73.0,36.8,97.0,No,No,No,No,No,No,,Online,Not Required,Schedule Follow-up,Good
P026,19,38,117.0,76.0,82.0,36.5,,No,No,No,No,No,No,,Online,Not Required,Continue Monitoring,Incomplete
P091,9,19,149.0,96.0,86.0,36.5,96.0,Yes,Yes,No,No,No,No,,Online,Pending,Clinician Review,Good
P075,18,31,167.0,91.0,93.0,36.1,95.0,No,No,No,No,No,No,174.0,Online,Pending,Immediate Referral,Good
P018,19,30,120.0,,100.0,37.0,99.0,No,No,Yes,No,No,Yes,,Online,Completed,Clinician Review,Incomplete
P083,30,39,111.0,72.0,93.0,36.3,96.0,No,No,No,No,Yes,No,,Online,Not Required,Schedule Follow-up,Good
P085,9,13,117.0,72.0,85.0,36.6,99.0,No,No,No,No,No,No,,Online,Not Required,Continue Monitoring,Good
P001,25,13,114.0,72.0,64.0,37.1,97.0,No,No,No,No,No,No,,Online,Failed,Continue Monitoring,Good
P003,32,15,130.0,81.0,81.0,36.6,100.0,No,No,No,No,No,No,,Online,Not Required,Schedule Follow-up,Good
P092,48,20,114.0,78.0,88.0,36.8,97.0,No,No,No,No,No,No,,Online,Not Required,Continue Monitoring,Good
P055,47,39,152.0,74.0,66.0,36.2,97.0,No,No,No,No,No,No,144.0,Online,Not Required,Clinician Review,Good
P067,20,23,,,,,,No,No,No,Yes,No,No,992.0,Online,Not Required,Immediate Referral,Invalid
P100,48,28,154.0,78.0,85.0,36.6,99.0,Yes,Yes,No,No,Yes,No,,Online,Failed,Immediate Referral,Good
P055,14,39,166.0,104.0,96.0,37.2,,No,No,No,No,No,No,162.0,Online,Completed,Immediate Referral,Incomplete
P048,8,32,123.0,80.0,78.0,37.3,95.0,No,No,No,No,No,No,,Online,Failed,Continue Monitoring,Good
P021,10,33,147.0,96.0,62.0,37.2,97.0,No,No,No,No,Yes,No,,Online,Not Required,Clinician Review,Good
P097,21,25,116.0,72.0,60.0,36.2,96.0,No,No,No,No,No,No,,Online,Completed,Continue Monitoring,Good
P001,19,13,111.0,72.0,69.0,36.6,97.0,No,No,No,No,No,No,109.0,Offline,Not Required,Continue Monitoring,Good
P001,1,13,113.0,76.0,71.0,36.9,97.0,No,No,No,No,No,No,108.0,Online,Failed,Continue Monitoring,Good
P049,1,33,141.0,96.0,66.0,37.2,99.0,Yes,Yes,No,Yes,No,No,139.0,Online,Completed,Immediate Referral,Good
P013,15,25,114.0,76.0,97.0,36.2,96.0,No,No,No,No,No,No,,Online,Completed,Continue Monitoring,Good
P094,18,22,163.0,97.0,68.0,36.4,98.0,No,No,No,No,No,No,160.0,Online,Pending,Immediate Referral,Good
P044,10,28,116.0,77.0,88.0,36.8,95.0,No,No,No,Yes,No,No,,Online,Completed,Schedule Follow-up,Good
P079,1,35,115.0,76.0,62.0,37.2,98.0,No,No,No,No,No,No,,Online,Pending,Continue Monitoring,Good
P074,6,30,113.0,78.0,97.0,37.1,100.0,No,No,No,No,No,No,110.0,Online,Completed,Continue Monitoring,Good
P008,35,20,120.0,78.0,66.0,36.3,98.0,No,No,No,No,No,No,,Online,Not Required,Continue Monitoring,Good
P009,1,21,127.0,77.0,100.0,37.2,95.0,No,No,No,No,No,No,,Online,Failed,Continue Monitoring,Good
P075,31,31,140.0,73.0,87.0,,98.0,No,No,No,No,No,No,138.0,Online,Not Required,Clinician Review,Incomplete
P010,19,22,132.0,72.0,87.0,36.4,100.0,No,No,No,No,No,No,129.0,Online,Not Required,Schedule Follow-up,Good
P017,18,29,116.0,77.0,65.0,37.1,95.0,No,No,No,No,No,Yes,114.0,Online,Pending,Schedule Follow-up,Good
P043,9,27,115.0,74.0,68.0,36.6,96.0,No,No,No,No,No,No,112.0,Online,Failed,Continue Monitoring,Good
P092,30,20,,78.0,67.0,36.9,98.0,No,No,No,No,No,No,111.0,Online,Failed,Continue Monitoring,Incomplete
P061,29,17,116.0,74.0,63.0,37.2,96.0,No,No,No,No,No,No,,Online,Not Required,Continue Monitoring,Good
P001,48,13,111.0,72.0,97.0,36.2,97.0,No,No,No,No,No,No,106.0,Online,Pending,Continue Monitoring,Good
P083,13,39,113.0,78.0,69.0,36.9,98.0,No,No,No,No,No,No,114.0,Offline,Not Required,Continue Monitoring,Good
P100,14,28,123.0,72.0,60.0,37.1,100.0,Yes,No,No,No,No,No,120.0,Offline,Not Required,Schedule Follow-up,Good
P078,57,34,124.0,82.0,96.0,,98.0,No,No,No,No,No,No,,Offline,Completed,Continue Monitoring,Incomplete
P060,50,16,,,,,,No,No,No,No,No,No,-12.0,Online,Not Required,Immediate Referral,Invalid
P069,28,25,120.0,80.0,64.0,37.3,97.0,No,No,No,No,No,No,,Online,Failed,Continue Monitoring,Good
P056,5,12,148.0,98.0,75.0,36.3,98.0,Yes,No,No,No,Yes,No,144.0,Online,Failed,Clinician Review,Good
P098,1,26,142.0,97.0,77.0,36.2,96.0,No,No,No,No,No,Yes,,Offline,Not Required,Clinician Review,Good
P031,6,15,114.0,74.0,80.0,37.4,98.0,No,No,No,No,Yes,No,119.0,Online,Not Required,Schedule Follow-up,Good
P085,1,13,117.0,74.0,67.0,36.2,100.0,No,No,No,No,No,No,118.0,Online,Pending,Continue Monitoring,Good
P082,43,38,117.0,76.0,95.0,36.4,98.0,No,No,No,Yes,No,No,,Online,Pending,Schedule Follow-up,Good
P010,50,22,150.0,72.0,72.0,37.4,98.0,No,No,No,No,No,No,157.0,Online,Completed,Clinician Review,Good
P065,9,21,119.0,74.0,77.0,36.7,96.0,Yes,No,No,No,No,No,,Offline,Not Required,Schedule Follow-up,Good
P061,20,17,118.0,78.0,61.0,37.5,100.0,No,No,No,No,No,No,121.0,Offline,Completed,Continue Monitoring,Good
P029,4,13,119.0,73.0,70.0,36.2,100.0,No,No,No,No,No,No,,Online,Pending,Continue Monitoring,Good
P077,32,33,148.0,96.0,61.0,37.1,97.0,No,No,No,Yes,No,No,141.0,Online,Not Required,Clinician Review,Good
P037,1,21,174.0,92.0,,,,No,No,No,No,No,No,178.0,Online,Not Required,Immediate Referral,Invalid
P014,17,26,147.0,96.0,66.0,36.6,97.0,Yes,Yes,No,No,No,No,,Online,Completed,Clinician Review,Good
P055,42,39,147.0,77.0,78.0,36.3,100.0,Yes,No,No,No,No,No,150.0,Online,Completed,Clinician Review,Good
P002,10,14,115.0,73.0,,37.3,95.0,No,No,No,No,Yes,No,,Online,Not Required,Schedule Follow-up,Incomplete
P097,7,25,116.0,75.0,84.0,36.6,98.0,No,No,No,No,No,No,122.0,Online,Not Required,Continue Monitoring,Good
P031,21,15,111.0,76.0,65.0,36.6,99.0,No,No,No,No,No,No,118.0,Offline,Not Required,Continue Monitoring,Good
P029,1,13,114.0,73.0,66.0,36.2,99.0,No,No,No,Yes,Yes,No,107.0,Online,Not Required,Clinician Review,Good
P037,50,21,117.0,75.0,76.0,36.2,99.0,No,No,No,No,Yes,No,117.0,Online,Not Required,Schedule Follow-up,Good
P079,35,35,116.0,78.0,97.0,36.4,95.0,Yes,Yes,No,No,Yes,No,109.0,Online,Not Required,Immediate Referral,Good
P087,42,15,129.0,82.0,99.0,36.3,98.0,No,No,No,No,No,No,,Online,Pending,Continue Monitoring,Good
P027,6,39,121.0,77.0,84.0,36.9,99.0,No,No,No,No,No,No,,Online,Pending,Continue Monitoring,Good
P082,36,38,111.0,76.0,66.0,37.2,99.0,No,No,No,No,No,No,114.0,Online,Not Required,Continue Monitoring,Good
P010,6,22,114.0,77.0,90.0,37.4,97.0,Yes,No,No,No,No,No,119.0,Online,Not Required,Schedule Follow-up,Good
P021,32,33,153.0,92.0,72.0,,98.0,No,No,No,No,No,Yes,152.0,Online,Pending,Clinician Review,Incomplete
P036,7,20,120.0,78.0,62.0,36.7,97.0,No,No,No,No,No,No,128.0,Online,Pending,Continue Monitoring,Good
P012,37,24,124.0,82.0,65.0,36.5,98.0,Yes,No,No,No,No,No,126.0,Online,Pending,Schedule Follow-up,Good
P019,6,31,167.0,91.0,74.0,36.5,97.0,No,No,No,No,No,No,,Online,Not Required,Immediate Referral,Good
P061,41,17,119.0,75.0,97.0,36.2,99.0,No,No,No,No,No,No,124.0,Online,Not Required,Continue Monitoring,Good
P001,22,13,114.0,73.0,69.0,36.8,96.0,No,No,No,No,No,No,122.0,Online,Not Required,Continue Monitoring,Good
P078,5,34,123.0,79.0,74.0,37.1,100.0,No,No,No,No,No,No,126.0,Online,Pending,Continue Monitoring,Good
P002,7,14,115.0,77.0,65.0,36.4,96.0,No,No,No,No,No,No,120.0,Online,Failed,Continue Monitoring,Good
P029,7,13,116.0,76.0,79.0,36.7,96.0,No,No,No,No,No,No,114.0,Online,Not Required,Continue Monitoring,Good
P079,49,35,,,,,,No,No,No,No,No,Yes,2.0,Online,Not Required,Schedule Follow-up,Invalid
P016,1,28,113.0,77.0,82.0,36.5,95.0,No,No,No,No,No,No,,Online,Completed,Continue Monitoring,Good
P022,13,34,113.0,73.0,85.0,36.1,96.0,No,No,No,No,No,No,,Online,Not Required,Continue Monitoring,Good
P077,14,33,142.0,97.0,61.0,36.2,95.0,Yes,Yes,No,No,Yes,No,150.0,Online,Failed,Immediate Referral,Good
P047,1,31,118.0,,99.0,36.3,95.0,No,No,No,No,No,No,,Online,Pending,Continue Monitoring,Incomplete
P096,21,24,120.0,77.0,65.0,37.4,99.0,No,No,No,No,No,No,,Online,Not Required,Continue Monitoring,Good
P035,29,19,137.0,74.0,80.0,36.7,95.0,No,No,No,No,No,No,,Online,Pending,Schedule Follow-up,Good
P051,29,35,126.0,80.0,77.0,37.3,100.0,No,No,No,No,No,No,,Offline,Not Required,Continue Monitoring,Good
P072,7,28,,81.0,61.0,37.3,100.0,No,No,No,No,No,No,,Online,Not Required,Continue Monitoring,Incomplete
P087,27,15,130.0,83.0,,36.8,100.0,No,No,No,No,No,No,126.0,Offline,Completed,Schedule Follow-up,Incomplete
P086,4,14,117.0,78.0,70.0,36.2,98.0,No,No,No,No,No,No,,Online,Not Required,Continue Monitoring,Good
P037,6,21,110.0,76.0,61.0,36.2,98.0,Yes,Yes,No,No,Yes,No,109.0,Online,Completed,Immediate Referral,Good
P069,24,25,127.0,79.0,95.0,37.2,99.0,No,No,No,No,No,No,125.0,Online,Failed,Continue Monitoring,Good
P062,19,18,112.0,78.0,86.0,36.2,99.0,No,No,No,No,No,No,,Online,Pending,Continue Monitoring,Good
P094,28,22,119.0,76.0,68.0,37.4,95.0,No,Yes,No,No,No,No,122.0,Online,Not Required,Schedule Follow-up,Good
P062,57,18,116.0,75.0,98.0,37.4,96.0,No,No,No,No,No,No,108.0,Online,Failed,Continue Monitoring,Good
P068,25,24,114.0,77.0,82.0,37.4,96.0,No,No,No,No,No,No,,Offline,Not Required,Continue Monitoring,Good
P021,1,33,148.0,94.0,87.0,37.2,99.0,Yes,Yes,Yes,Yes,Yes,No,147.0,Online,Not Required,Immediate Referral,Good
P011,4,23,111.0,76.0,95.0,37.3,100.0,No,No,No,No,No,No,,Offline,Pending,Continue Monitoring,Good
P033,12,17,,,,,,No,No,No,No,No,No,,Online,Pending,Immediate Referral,Invalid
P090,7,18,117.0,72.0,69.0,37.4,99.0,Yes,No,No,No,No,No,,Online,Failed,Schedule Follow-up,Good
P021,24,33,150.0,95.0,65.0,36.6,96.0,No,Yes,No,No,No,No,158.0,Offline,Not Required,Clinician Review,Good
P090,21,18,131.0,75.0,67.0,36.6,99.0,No,Yes,No,No,No,No,124.0,Offline,Failed,Schedule Follow-up,Good
P006,1,18,120.0,82.0,64.0,36.4,100.0,No,No,No,No,No,No,,Online,Pending,Continue Monitoring,Good
P046,19,30,111.0,72.0,,36.3,97.0,No,No,No,No,No,No,,Online,Not Required,Continue Monitoring,Incomplete
P091,30,19,143.0,97.0,64.0,36.6,99.0,Yes,No,No,Yes,No,No,139.0,Online,Not Required,Clinician Review,Good
P068,21,24,120.0,73.0,79.0,37.0,100.0,No,No,Yes,No,No,No,116.0,Online,Not Required,Schedule Follow-up,Good
P006,6,18,128.0,78.0,70.0,36.4,99.0,No,No,No,No,No,No,122.0,Online,Not Required,Continue Monitoring,Good
P022,30,34,112.0,77.0,75.0,36.2,99.0,Yes,No,No,No,No,No,116.0,Online,Not Required,Schedule Follow-up,Good
P011,1,23,120.0,75.0,77.0,37.3,96.0,No,No,No,No,No,No,125.0,Online,Completed,Continue Monitoring,Good
P001,43,13,120.0,72.0,64.0,37.3,99.0,No,No,No,No,No,Yes,120.0,Online,Completed,Schedule Follow-up,Good
P082,13,38,114.0,73.0,89.0,36.8,95.0,No,No,No,No,No,No,117.0,Online,Not Required,Continue Monitoring,Good
P004,29,16,117.0,,62.0,36.4,98.0,No,No,No,No,No,No,,Online,Pending,Continue Monitoring,Incomplete
P044,4,28,114.0,78.0,76.0,36.9,99.0,No,No,No,No,No,No,110.0,Online,Not Required,Continue Monitoring,Good
P039,9,23,128.0,78.0,88.0,36.3,95.0,No,No,No,No,No,No,,Online,Pending,Continue Monitoring,Good
P053,32,37,116.0,72.0,75.0,,99.0,No,No,No,No,No,No,,Online,Completed,Continue Monitoring,Incomplete
P020,22,32,134.0,73.0,73.0,36.7,98.0,Yes,Yes,No,No,Yes,Yes,,Online,Not Required,Immediate Referral,Good
P062,1,18,111.0,73.0,84.0,36.6,95.0,Yes,No,No,No,No,No,114.0,Online,Completed,Schedule Follow-up,Good
P022,7,34,119.0,76.0,60.0,37.4,100.0,No,No,No,Yes,No,No,112.0,Online,Pending,Schedule Follow-up,Good
P055,10,39,122.0,75.0,74.0,37.4,95.0,No,No,No,No,No,No,114.0,Offline,Not Required,Continue Monitoring,Good
P089,10,17,119.0,74.0,76.0,37.3,98.0,No,No,No,No,No,No,,Online,Not Required,Continue Monitoring,Good
P094,23,22,,78.0,67.0,37.1,98.0,No,No,No,No,No,No,119.0,Online,Failed,Continue Monitoring,Incomplete
P024,9,36,,79.0,65.0,37.0,100.0,No,No,No,No,No,No,126.0,Online,Pending,Continue Monitoring,Incomplete
P039,16,23,120.0,79.0,74.0,,100.0,Yes,Yes,No,Yes,Yes,Yes,120.0,Online,Not Required,Immediate Referral,Incomplete
P031,1,15,118.0,74.0,95.0,37.4,97.0,No,No,No,No,No,No,126.0,Online,Pending,Continue Monitoring,Good
P067,35,23,114.0,76.0,96.0,36.5,98.0,No,No,No,No,No,No,108.0,Online,Not Required,Continue Monitoring,Good
P098,30,26,148.0,95.0,82.0,36.8,95.0,No,Yes,No,No,No,No,151.0,Online,Not Required,Clinician Review,Good
P047,36,31,113.0,,75.0,37.3,96.0,No,No,No,No,No,No,119.0,Online,Failed,Continue Monitoring,Incomplete
P079,15,35,115.0,,96.0,37.3,98.0,No,No,No,No,No,No,107.0,Online,Pending,Continue Monitoring,Incomplete
P050,37,34,140.0,77.0,93.0,36.7,100.0,Yes,No,No,No,No,No,,Online,Not Required,Clinician Review,Good
P045,5,29,119.0,74.0,85.0,36.5,,No,No,No,No,No,No,,Online,Pending,Continue Monitoring,Incomplete
P088,21,16,112.0,78.0,100.0,36.8,100.0,No,No,No,No,Yes,No,,Online,Not Required,Schedule Follow-up,Good
P032,32,16,118.0,76.0,76.0,36.6,98.0,No,No,No,No,No,No,,Online,Not Required,Continue Monitoring,Good
P027,13,39,124.0,80.0,100.0,37.4,96.0,No,No,No,No,No,No,130.0,Online,Not Required,Continue Monitoring,Good
P018,12,30,173.0,111.0,86.0,36.3,95.0,No,No,No,No,No,No,174.0,Online,Failed,Immediate Referral,Good
P018,1,30,121.0,77.0,61.0,37.2,99.0,Yes,Yes,No,Yes,Yes,No,117.0,Online,Not Required,Immediate Referral,Good
P001,16,13,115.0,78.0,80.0,37.3,98.0,No,No,No,No,No,No,118.0,Online,Pending,Continue Monitoring,Good
P070,31,26,139.0,75.0,94.0,36.4,95.0,No,No,No,No,Yes,No,143.0,Online,Pending,Schedule Follow-up,Good
P051,39,35,124.0,81.0,74.0,37.2,99.0,No,No,No,No,No,No,120.0,Online,Not Required,Continue Monitoring,Good
P076,1,32,159.0,97.0,86.0,36.4,95.0,No,No,No,No,No,No,,Online,Failed,Clinician Review,Good
P096,1,24,128.0,77.0,71.0,37.5,97.0,No,No,No,No,No,No,126.0,Online,Pending,Continue Monitoring,Good
P036,41,20,174.0,106.0,64.0,36.9,96.0,No,No,No,No,No,No,174.0,Online,Not Required,Immediate Referral,Good
P034,25,18,110.0,73.0,89.0,37.1,95.0,No,No,No,No,No,No,,Online,Not Required,Continue Monitoring,Good
P003,52,15,120.0,83.0,73.0,37.5,96.0,No,No,No,No,No,No,128.0,Online,Completed,Continue Monitoring,Good
P021,6,33,141.0,97.0,99.0,36.6,100.0,Yes,Yes,No,No,Yes,No,139.0,Online,Failed,Immediate Referral,Good
P100,6,28,116.0,74.0,62.0,36.8,98.0,No,No,No,No,No,No,110.0,Online,Completed,Continue Monitoring,Good
P010,26,22,135.0,75.0,60.0,37.2,99.0,No,No,Yes,No,No,No,141.0,Online,Completed,Schedule Follow-up,Good
P081,1,37,126.0,82.0,80.0,36.3,99.0,No,Yes,No,No,Yes,No,,Online,Not Required,Clinician Review,Good
P018,40,30,125.0,78.0,98.0,37.1,95.0,No,No,No,No,Yes,No,132.0,Online,Failed,Schedule Follow-up,Good
P024,12,36,120.0,82.0,64.0,37.3,95.0,No,No,No,No,No,No,112.0,Online,Completed,Continue Monitoring,Good
P088,24,16,115.0,77.0,89.0,37.1,98.0,No,No,No,No,No,No,109.0,Online,Not Required,Continue Monitoring,Good
P062,10,18,115.0,76.0,75.0,36.9,96.0,No,No,No,No,No,No,123.0,Online,Not Required,Continue Monitoring,Good
P080,8,36,121.0,72.0,77.0,37.4,99.0,No,No,No,Yes,No,No,118.0,Online,Not Required,Schedule Follow-up,Good
P019,1,31,119.0,78.0,90.0,36.3,100.0,Yes,Yes,No,No,Yes,No,115.0,Offline,Not Required,Immediate Referral,Good
P034,22,18,113.0,77.0,98.0,37.4,100.0,No,No,No,Yes,No,No,105.0,Online,Not Required,Schedule Follow-up,Good
P035,56,19,157.0,75.0,78.0,37.2,96.0,No,No,No,Yes,No,No,149.0,Online,Failed,Clinician Review,Good
P078,13,34,124.0,83.0,93.0,36.4,95.0,Yes,Yes,No,No,Yes,No,129.0,Online,Pending,Immediate Referral,Good
P035,38,19,145.0,76.0,88.0,37.0,,Yes,No,No,No,No,No,150.0,Online,Not Required,Clinician Review,Incomplete
P081,9,37,,79.0,88.0,36.8,97.0,No,No,No,No,No,No,125.0,Online,Failed,Continue Monitoring,Incomplete
P017,41,29,150.0,103.0,60.0,36.2,100.0,No,No,No,No,No,No,147.0,Online,Not Required,Clinician Review,Good
P078,61,34,125.0,,98.0,36.8,96.0,No,No,No,No,Yes,No,124.0,Online,Pending,Schedule Follow-up,Incomplete
P003,1,15,128.0,79.0,63.0,37.0,98.0,No,No,Yes,No,No,No,124.0,Online,Not Required,Schedule Follow-up,Good
P056,22,12,147.0,95.0,87.0,37.5,99.0,Yes,Yes,No,No,Yes,Yes,149.0,Online,Not Required,Immediate Referral,Good
P030,4,14,123.0,76.0,70.0,36.5,99.0,No,No,No,No,No,Yes,121.0,Online,Pending,Schedule Follow-up,Good
P100,11,28,120.0,78.0,72.0,36.2,96.0,Yes,No,No,No,No,No,121.0,Online,Not Required,Schedule Follow-up,Good
P083,16,39,112.0,78.0,84.0,36.8,96.0,No,No,No,No,No,No,113.0,Online,Not Required,Continue Monitoring,Good
P033,4,17,125.0,83.0,89.0,37.3,98.0,No,Yes,No,No,No,No,117.0,Online,Failed,Schedule Follow-up,Good
P096,13,24,128.0,81.0,85.0,37.5,95.0,No,No,No,Yes,No,No,127.0,Online,Not Required,Schedule Follow-up,Good
P099,24,27,130.0,80.0,65.0,37.1,95.0,No,No,No,No,No,No,,Offline,Pending,Schedule Follow-up,Good
P010,32,22,137.0,77.0,67.0,36.2,100.0,No,No,No,No,No,No,140.0,Online,Pending,Schedule Follow-up,Good
P095,21,23,182.0,89.0,86.0,,100.0,No,No,No,No,No,No,,Online,Failed,Immediate Referral,Incomplete
P064,29,20,,,,,,No,No,No,No,No,No,300.0,Online,Completed,Immediate Referral,Invalid
P003,17,15,120.0,82.0,96.0,37.3,97.0,No,No,No,No,No,No,123.0,Online,Failed,Continue Monitoring,Good
P009,6,21,121.0,83.0,87.0,37.3,95.0,No,No,No,No,No,No,123.0,Online,Not Required,Continue Monitoring,Good
P099,12,27,128.0,81.0,98.0,37.3,97.0,Yes,Yes,No,No,Yes,Yes,121.0,Online,Failed,Immediate Referral,Good
P009,11,21,121.0,77.0,89.0,37.0,95.0,No,No,No,No,Yes,No,123.0,Offline,Not Required,Schedule Follow-up,Good
P036,48,20,121.0,82.0,81.0,36.6,100.0,No,No,No,No,No,No,114.0,Online,Not Required,Continue Monitoring,Good
P029,10,13,116.0,,63.0,37.3,97.0,No,No,No,Yes,No,No,113.0,Offline,Not Required,Schedule Follow-up,Incomplete
P026,11,38,116.0,73.0,98.0,36.3,97.0,No,No,No,No,No,No,110.0,Online,Not Required,Continue Monitoring,Good
P061,45,17,117.0,76.0,61.0,37.2,99.0,No,No,No,No,No,No,122.0,Online,Completed,Continue Monitoring,Good
P016,12,28,110.0,74.0,62.0,37.1,99.0,No,No,No,No,No,No,118.0,Online,Not Required,Continue Monitoring,Good
P058,1,14,120.0,72.0,77.0,36.3,97.0,No,No,No,No,No,No,120.0,Offline,Failed,Continue Monitoring,Good
P091,57,19,145.0,93.0,61.0,36.8,100.0,Yes,Yes,Yes,No,No,No,139.0,Online,Not Required,Immediate Referral,Good
P020,27,32,138.0,76.0,68.0,36.2,100.0,No,No,No,No,No,No,139.0,Offline,Completed,Schedule Follow-up,Good
P062,42,18,115.0,75.0,91.0,36.1,98.0,No,No,No,No,No,No,107.0,Offline,Failed,Continue Monitoring,Good
P100,23,28,134.0,73.0,99.0,36.4,96.0,No,No,No,No,No,No,129.0,Online,Not Required,Schedule Follow-up,Good
P041,24,25,117.0,72.0,97.0,36.9,97.0,No,No,No,No,Yes,No,113.0,Online,Failed,Schedule Follow-up,Good
P093,18,21,120.0,83.0,69.0,37.0,98.0,No,No,No,No,No,No,119.0,Online,Pending,Continue Monitoring,Good
P100,19,28,127.0,78.0,78.0,36.2,99.0,No,Yes,No,No,No,No,135.0,Online,Failed,Schedule Follow-up,Good
P036,31,20,125.0,83.0,68.0,36.4,98.0,Yes,Yes,No,No,Yes,No,129.0,Offline,Not Required,Immediate Referral,Good
P016,25,28,112.0,77.0,86.0,37.3,100.0,No,No,No,No,No,No,109.0,Online,Pending,Continue Monitoring,Good
P082,5,38,118.0,76.0,83.0,36.1,95.0,No,No,No,No,No,No,110.0,Online,Not Required,Continue Monitoring,Good
P058,10,14,114.0,76.0,100.0,36.9,99.0,Yes,Yes,Yes,No,Yes,No,107.0,Online,Pending,Immediate Referral,Good
P051,1,35,129.0,82.0,79.0,37.1,99.0,No,No,No,No,No,No,137.0,Online,Not Required,Continue Monitoring,Good
P072,13,28,124.0,77.0,67.0,36.9,99.0,No,No,No,No,No,No,127.0,Online,Not Required,Continue Monitoring,Good
P100,1,28,116.0,78.0,84.0,36.4,98.0,No,No,No,No,Yes,No,121.0,Offline,Pending,Schedule Follow-up,Good
P006,17,18,126.0,80.0,76.0,36.3,98.0,Yes,No,No,No,No,No,133.0,Offline,Completed,Schedule Follow-up,Good
P066,9,22,124.0,,,36.5,99.0,No,No,No,No,No,No,122.0,Online,Not Required,Continue Monitoring,Incomplete
P090,18,18,134.0,75.0,82.0,36.4,97.0,No,Yes,No,Yes,No,No,136.0,Online,Failed,Clinician Review,Good
P029,14,13,120.0,76.0,71.0,37.4,100.0,No,No,No,No,No,No,115.0,Online,Failed,Continue Monitoring,Good
P055,19,39,127.0,75.0,76.0,37.4,97.0,Yes,Yes,Yes,No,Yes,No,123.0,Online,Pending,Immediate Referral,Good
P069,42,25,124.0,77.0,62.0,,99.0,No,No,Yes,No,No,Yes,131.0,Online,Not Required,Clinician Review,Incomplete
P018,37,30,127.0,80.0,85.0,37.3,95.0,No,Yes,No,No,No,No,124.0,Online,Not Required,Schedule Follow-up,Good
P044,14,28,111.0,78.0,89.0,37.2,97.0,No,No,No,No,No,No,116.0,Online,Not Required,Continue Monitoring,Good
P040,23,24,137.0,73.0,91.0,36.6,99.0,No,No,No,No,No,Yes,135.0,Offline,Failed,Schedule Follow-up,Good
P093,13,21,181.0,100.0,64.0,36.2,96.0,No,No,No,No,No,No,189.0,Online,Completed,Immediate Referral,Good
P094,14,22,111.0,75.0,99.0,36.3,99.0,Yes,No,No,No,No,No,113.0,Online,Failed,Schedule Follow-up,Good
P054,1,38,123.0,83.0,62.0,36.9,97.0,Yes,No,No,No,No,No,124.0,Online,Not Required,Schedule Follow-up,Good
P025,47,37,148.0,72.0,60.0,36.4,95.0,No,No,No,No,No,No,,Offline,Not Required,Clinician Review,Good
P041,15,25,112.0,77.0,91.0,37.0,95.0,No,No,No,Yes,No,No,104.0,Online,Completed,Schedule Follow-up,Good
P058,43,14,114.0,72.0,72.0,36.3,96.0,No,No,No,No,No,No,111.0,Online,Pending,Continue Monitoring,Good
P060,16,16,130.0,73.0,70.0,37.2,98.0,No,No,No,No,No,No,128.0,Online,Not Required,Schedule Follow-up,Good
P012,29,24,127.0,,91.0,36.2,98.0,No,No,No,No,No,No,124.0,Online,Not Required,Continue Monitoring,Incomplete
P036,15,20,126.0,78.0,81.0,36.4,97.0,No,No,No,No,No,No,127.0,Offline,Completed,Continue Monitoring,Good
P056,27,12,145.0,,80.0,36.7,96.0,No,No,No,No,Yes,No,152.0,Online,Failed,Clinician Review,Incomplete
P077,36,33,149.0,93.0,75.0,36.2,,Yes,Yes,No,No,Yes,No,155.0,Offline,Failed,Immediate Referral,Incomplete
P033,20,17,122.0,83.0,85.0,36.4,97.0,No,No,Yes,No,No,No,114.0,Offline,Pending,Schedule Follow-up,Good
P028,8,12,149.0,94.0,63.0,36.8,100.0,Yes,Yes,No,No,Yes,No,155.0,Online,Not Required,Immediate Referral,Good
P034,1,18,113.0,78.0,74.0,36.5,97.0,No,No,No,No,No,No,118.0,Online,Completed,Continue Monitoring,Good
P040,19,24,126.0,73.0,89.0,36.2,98.0,No,No,No,No,No,No,119.0,Online,Not Required,Continue Monitoring,Good
P045,18,29,129.0,75.0,88.0,37.1,95.0,No,No,No,No,No,No,124.0,Online,Failed,Continue Monitoring,Good
P033,24,17,124.0,81.0,68.0,37.4,97.0,No,No,No,No,No,No,121.0,Online,Not Required,Continue Monitoring,Good
P069,9,25,130.0,83.0,69.0,36.3,95.0,Yes,No,No,No,No,No,137.0,Online,Not Required,Schedule Follow-up,Good
P040,7,24,122.0,78.0,69.0,37.4,97.0,No,No,No,No,No,No,121.0,Online,Completed,Continue Monitoring,Good
P039,46,23,127.0,77.0,68.0,37.0,95.0,No,No,No,No,Yes,No,129.0,Online,Not Required,Schedule Follow-up,Good
P087,20,15,,81.0,85.0,36.4,97.0,No,No,No,No,No,No,116.0,Online,Not Required,Continue Monitoring,Incomplete
P014,35,26,150.0,97.0,86.0,37.2,97.0,Yes,No,No,No,No,No,156.0,Offline,Not Required,Clinician Review,Good
P034,9,18,111.0,72.0,86.0,37.0,97.0,No,No,No,No,No,No,107.0,Online,Pending,Continue Monitoring,Good
P027,38,39,120.0,83.0,60.0,36.3,97.0,No,No,No,No,No,No,113.0,Online,Failed,Continue Monitoring,Good
P020,19,32,134.0,75.0,96.0,36.7,97.0,No,No,No,No,No,No,134.0,Online,Not Required,Schedule Follow-up,Good
P053,15,37,120.0,74.0,63.0,36.5,99.0,No,No,No,No,No,No,123.0,Online,Not Required,Continue Monitoring,Good
P031,31,15,119.0,74.0,69.0,36.1,99.0,No,No,No,No,No,No,111.0,Online,Not Required,Continue Monitoring,Good
P077,29,33,143.0,95.0,89.0,37.4,95.0,No,No,No,No,Yes,No,135.0,Online,Not Required,Clinician Review,Good
P084,28,12,145.0,94.0,68.0,36.4,95.0,Yes,No,No,Yes,No,No,,Online,Not Required,Clinician Review,Good
P080,5,36,124.0,72.0,66.0,37.2,99.0,No,No,No,No,Yes,No,124.0,Online,Not Required,Schedule Follow-up,Good
P002,13,14,119.0,78.0,60.0,36.8,100.0,No,No,No,No,No,No,121.0,Online,Failed,Continue Monitoring,Good
P067,49,23,116.0,75.0,73.0,36.8,98.0,No,No,No,No,No,No,115.0,Online,Not Required,Continue Monitoring,Good
P025,6,37,121.0,73.0,95.0,36.7,98.0,No,No,No,No,No,No,114.0,Online,Pending,Continue Monitoring,Good
P032,1,16,111.0,77.0,70.0,36.2,96.0,No,No,No,No,No,No,111.0,Online,Completed,Continue Monitoring,Good
P084,53,12,151.0,95.0,92.0,36.5,98.0,Yes,Yes,No,No,Yes,Yes,158.0,Online,Pending,Immediate Referral,Good
P046,36,30,111.0,78.0,64.0,37.0,99.0,No,No,No,No,No,No,109.0,Online,Completed,Continue Monitoring,Good
P097,16,25,115.0,78.0,84.0,36.7,95.0,Yes,No,No,No,No,No,119.0,Online,Pending,Schedule Follow-up,Good
P036,27,20,127.0,81.0,70.0,36.8,98.0,No,No,No,No,No,No,134.0,Offline,Not Required,Continue Monitoring,Good
P071,5,27,116.0,72.0,87.0,36.6,97.0,No,No,No,No,No,No,,Online,Not Required,Continue Monitoring,Good
P085,6,13,122.0,75.0,77.0,36.1,98.0,No,No,No,No,No,No,127.0,Online,Not Required,Continue Monitoring,Good
P050,30,34,140.0,73.0,91.0,37.0,95.0,No,No,No,Yes,No,No,141.0,Online,Not Required,Clinician Review,Good
P063,7,19,146.0,93.0,82.0,37.2,100.0,No,No,No,No,Yes,No,146.0,Online,Pending,Clinician Review,Good
P051,24,35,127.0,78.0,89.0,36.5,100.0,No,No,No,No,No,No,119.0,Online,Pending,Continue Monitoring,Good
P024,1,36,121.0,82.0,73.0,37.3,97.0,No,No,No,No,No,No,123.0,Offline,Not Required,Continue Monitoring,Good
P068,5,24,112.0,72.0,76.0,37.2,97.0,No,No,No,No,No,Yes,118.0,Online,Not Required,Schedule Follow-up,Good
P076,14,32,112.0,73.0,67.0,36.9,99.0,No,No,No,No,No,No,118.0,Online,Not Required,Continue Monitoring,Good
P017,28,29,114.0,75.0,69.0,36.2,96.0,Yes,Yes,No,No,Yes,Yes,111.0,Online,Not Required,Immediate Referral,Good
P024,16,36,125.0,80.0,83.0,37.2,95.0,No,No,No,No,No,No,126.0,Online,Pending,Continue Monitoring,Good
P077,25,33,149.0,95.0,60.0,37.4,98.0,No,No,No,No,No,No,152.0,Online,Failed,Clinician Review,Good
P026,16,38,117.0,75.0,86.0,,97.0,No,No,No,No,No,No,114.0,Online,Failed,Continue Monitoring,Incomplete
P099,1,27,130.0,80.0,68.0,36.1,96.0,No,No,No,No,No,No,134.0,Online,Failed,Schedule Follow-up,Good
P064,4,20,119.0,78.0,80.0,37.2,96.0,No,No,No,No,No,No,127.0,Online,Completed,Continue Monitoring,Good
P091,27,19,144.0,92.0,85.0,37.0,99.0,Yes,Yes,No,No,Yes,No,139.0,Online,Pending,Immediate Referral,Good
P009,21,21,124.0,79.0,91.0,36.6,98.0,No,No,No,No,No,No,119.0,Online,Not Required,Continue Monitoring,Good
P092,22,20,117.0,72.0,60.0,36.8,97.0,No,No,No,No,No,No,123.0,Offline,Not Required,Continue Monitoring,Good
P013,12,25,119.0,77.0,62.0,36.1,99.0,No,No,No,No,No,No,122.0,Online,Completed,Continue Monitoring,Good
P008,5,20,114.0,72.0,80.0,36.2,96.0,No,No,No,No,No,No,114.0,Online,Not Required,Continue Monitoring,Good
P095,25,23,138.0,78.0,100.0,37.2,95.0,No,No,No,No,No,No,143.0,Online,Pending,Schedule Follow-up,Good
P092,53,20,153.0,89.0,73.0,37.3,96.0,No,No,No,No,No,No,145.0,Online,Completed,Clinician Review,Good
P055,37,39,,72.0,75.0,37.2,100.0,No,No,No,No,No,No,150.0,Online,Not Required,Clinician Review,Incomplete
P087,1,15,130.0,77.0,81.0,37.5,100.0,No,No,No,No,No,No,134.0,Online,Not Required,Schedule Follow-up,Good
P095,13,23,121.0,75.0,76.0,36.3,98.0,No,No,No,No,No,No,125.0,Offline,Pending,Continue Monitoring,Good
P063,10,19,142.0,98.0,83.0,36.8,98.0,Yes,Yes,No,No,Yes,No,139.0,Online,Pending,Immediate Referral,Good
P092,26,20,112.0,75.0,93.0,37.0,99.0,No,No,No,No,No,No,111.0,Online,Completed,Continue Monitoring,Good
P070,28,26,138.0,72.0,89.0,37.0,99.0,No,No,No,No,Yes,No,132.0,Online,Not Required,Schedule Follow-up,Good
P098,34,26,,93.0,99.0,37.2,97.0,Yes,Yes,No,No,Yes,No,150.0,Online,Not Required,Immediate Referral,Incomplete
P077,4,33,149.0,97.0,,36.5,99.0,Yes,No,No,No,Yes,Yes,157.0,Online,Not Required,Immediate Referral,Incomplete
P034,39,18,175.0,99.0,65.0,36.5,,No,No,No,No,No,No,170.0,Offline,Not Required,Immediate Referral,Incomplete
P009,14,21,123.0,78.0,78.0,36.9,98.0,Yes,Yes,No,No,No,No,122.0,Offline,Pending,Clinician Review,Good
P087,47,15,,81.0,61.0,36.7,97.0,No,No,No,No,No,No,117.0,Online,Pending,Continue Monitoring,Incomplete
P011,33,23,120.0,74.0,98.0,37.3,100.0,No,No,No,No,No,No,117.0,Online,Not Required,Continue Monitoring,Good
P078,49,34,,80.0,66.0,37.2,98.0,No,No,No,Yes,No,No,132.0,Online,Completed,Schedule Follow-up,Incomplete
P042,11,26,145.0,94.0,82.0,37.2,99.0,Yes,Yes,No,No,No,No,,Online,Pending,Clinician Review,Good
P043,17,27,111.0,78.0,95.0,36.2,95.0,No,No,No,No,No,No,103.0,Online,Not Required,Continue Monitoring,Good
P082,22,38,110.0,73.0,90.0,36.6,99.0,No,No,No,No,No,No,102.0,Online,Not Required,Continue Monitoring,Good
P100,56,28,164.0,74.0,61.0,36.7,95.0,No,No,No,No,No,No,159.0,Offline,Not Required,Immediate Referral,Good
P041,32,25,120.0,76.0,78.0,36.7,100.0,No,No,No,No,No,No,112.0,Online,Not Required,Continue Monitoring,Good
P088,16,16,115.0,78.0,85.0,37.2,,No,No,No,No,No,No,114.0,Online,Completed,Continue Monitoring,Incomplete
P032,37,16,119.0,74.0,75.0,,97.0,No,No,No,Yes,No,No,116.0,Offline,Failed,Schedule Follow-up,Incomplete
P094,36,22,119.0,76.0,100.0,37.0,99.0,No,No,No,No,No,No,115.0,Online,Not Required,Continue Monitoring,Good
P005,37,17,145.0,78.0,86.0,36.2,95.0,No,No,No,No,No,No,,Online,Pending,Clinician Review,Good
P034,53,18,116.0,78.0,70.0,36.3,96.0,No,No,No,No,No,No,110.0,Online,Failed,Continue Monitoring,Good
P005,1,17,115.0,76.0,78.0,36.2,96.0,No,No,No,No,Yes,No,110.0,Offline,Not Required,Schedule Follow-up,Good
P018,48,30,120.0,80.0,90.0,36.9,99.0,No,No,No,No,No,No,124.0,Online,Pending,Continue Monitoring,Good
P091,42,19,195.0,117.0,,36.6,95.0,No,No,No,No,No,No,189.0,Online,Failed,Immediate Referral,Incomplete
P039,21,23,130.0,,95.0,36.2,99.0,No,No,No,No,No,No,138.0,Offline,Completed,Schedule Follow-up,Incomplete
P009,17,21,127.0,77.0,94.0,36.9,98.0,No,No,No,No,No,Yes,119.0,Online,Not Required,Schedule Follow-up,Good
P039,54,23,122.0,79.0,86.0,37.1,95.0,No,No,Yes,Yes,No,No,117.0,Online,Not Required,Clinician Review,Good
P001,38,13,117.0,76.0,92.0,36.6,95.0,No,No,No,Yes,Yes,No,125.0,Online,Completed,Clinician Review,Good
P086,20,14,111.0,78.0,100.0,36.8,96.0,No,No,No,No,No,No,105.0,Offline,Pending,Continue Monitoring,Good
P092,35,20,114.0,76.0,76.0,37.3,98.0,No,No,No,No,No,No,120.0,Online,Pending,Continue Monitoring,Good
P036,1,20,128.0,83.0,80.0,37.3,97.0,No,No,No,No,No,No,130.0,Online,Completed,Continue Monitoring,Good
P022,20,34,,,,,,No,No,No,Yes,No,No,5.0,Online,Pending,Immediate Referral,Invalid
P022,1,34,,,,,,No,No,No,No,No,No,1.0,Online,Pending,Immediate Referral,Invalid
P100,59,28,,,,,,No,No,No,No,Yes,No,1005.0,Offline,Completed,Immediate Referral,Invalid
P045,10,29,128.0,76.0,99.0,36.5,99.0,No,Yes,No,No,No,No,126.0,Online,Pending,Schedule Follow-up,Good
P090,29,18,136.0,72.0,77.0,37.4,99.0,No,Yes,No,No,No,Yes,137.0,Online,Pending,Clinician Review,Good
P052,15,36,110.0,75.0,87.0,37.2,99.0,No,No,No,No,No,No,,Online,Not Required,Continue Monitoring,Good
P004,19,16,117.0,76.0,67.0,36.2,95.0,No,No,No,No,No,No,111.0,Offline,Completed,Continue Monitoring,Good
P073,4,29,111.0,76.0,86.0,36.4,99.0,No,No,No,No,No,No,,Offline,Failed,Continue Monitoring,Good
P076,35,32,119.0,77.0,64.0,36.9,96.0,No,No,No,No,No,No,122.0,Online,Not Required,Continue Monitoring,Good
P023,17,35,118.0,78.0,69.0,36.3,97.0,No,No,No,No,No,No,,Online,Completed,Continue Monitoring,Good
P060,30,16,139.0,73.0,90.0,37.1,98.0,No,No,No,No,No,No,142.0,Offline,Not Required,Schedule Follow-up,Good
P075,22,31,134.0,77.0,81.0,37.2,,No,No,No,No,Yes,Yes,139.0,Offline,Pending,Clinician Review,Incomplete
P081,6,37,122.0,78.0,76.0,37.1,97.0,No,No,No,No,No,No,126.0,Online,Not Required,Continue Monitoring,Good
P076,31,32,118.0,78.0,99.0,37.3,100.0,Yes,No,No,No,No,No,115.0,Online,Pending,Schedule Follow-up,Good
P062,14,18,112.0,74.0,75.0,36.2,97.0,No,No,No,No,No,No,105.0,Online,Completed,Continue Monitoring,Good
P058,28,14,117.0,73.0,80.0,37.1,99.0,No,No,No,No,No,No,124.0,Online,Not Required,Continue Monitoring,Good
P091,24,19,147.0,94.0,95.0,,95.0,Yes,No,No,Yes,No,No,141.0,Online,Pending,Clinician Review,Incomplete
P028,26,12,143.0,94.0,65.0,36.5,99.0,No,No,No,No,Yes,Yes,150.0,Online,Not Required,Clinician Review,Good
P061,1,17,119.0,73.0,94.0,37.4,95.0,No,No,No,No,No,No,127.0,Online,Completed,Continue Monitoring,Good
P050,18,34,127.0,,97.0,37.2,98.0,No,No,No,No,No,No,122.0,Online,Pending,Continue Monitoring,Incomplete
P009,25,21,127.0,83.0,82.0,36.6,98.0,No,No,No,No,No,No,134.0,Online,Not Required,Continue Monitoring,Good
P084,41,12,150.0,,73.0,37.4,95.0,No,Yes,No,No,No,No,156.0,Online,Failed,Clinician Review,Incomplete
P027,1,39,126.0,79.0,73.0,36.4,100.0,No,No,No,Yes,No,No,122.0,Online,Not Required,Schedule Follow-up,Good
P100,34,28,140.0,74.0,87.0,37.2,100.0,No,No,No,No,No,No,140.0,Online,Not Required,Clinician Review,Good
P006,9,18,127.0,80.0,89.0,36.9,100.0,No,No,No,No,No,No,123.0,Online,Not Required,Continue Monitoring,Good
P017,34,29,119.0,72.0,85.0,37.1,95.0,No,No,No,No,No,No,121.0,Online,Pending,Continue Monitoring,Good
P058,40,14,,75.0,88.0,36.3,96.0,No,No,No,No,No,No,111.0,Online,Pending,Continue Monitoring,Incomplete
P063,19,19,148.0,92.0,65.0,36.9,96.0,No,No,No,Yes,Yes,No,153.0,Online,Not Required,Clinician Review,Good
P060,5,16,119.0,73.0,73.0,37.1,100.0,No,No,No,No,No,No,124.0,Online,Not Required,Continue Monitoring,Good
P046,33,30,113.0,73.0,65.0,36.1,95.0,No,No,No,No,No,No,116.0,Online,Not Required,Continue Monitoring,Good
P016,15,28,178.0,103.0,67.0,36.4,95.0,No,No,No,No,No,No,181.0,Offline,Failed,Immediate Referral,Good
P010,55,22,159.0,72.0,64.0,37.3,98.0,No,No,No,No,No,No,162.0,Online,Not Required,Clinician Review,Good
P044,17,28,115.0,73.0,100.0,37.2,100.0,No,No,No,No,No,No,111.0,Online,Failed,Continue Monitoring,Good
P003,36,15,124.0,78.0,87.0,37.2,99.0,Yes,No,No,No,No,No,125.0,Online,Completed,Schedule Follow-up,Good
P082,1,38,110.0,76.0,86.0,37.0,97.0,No,No,No,No,No,No,111.0,Online,Failed,Continue Monitoring,Good
P021,14,33,,,,,,Yes,No,No,No,Yes,Yes,-6.0,Online,Failed,Immediate Referral,Invalid
P067,39,23,113.0,74.0,90.0,36.2,97.0,No,No,No,No,No,No,106.0,Offline,Pending,Continue Monitoring,Good
P003,12,15,122.0,79.0,84.0,36.7,98.0,No,No,No,No,No,No,124.0,Offline,Completed,Continue Monitoring,Good
P092,40,20,116.0,75.0,79.0,37.0,99.0,Yes,No,No,No,No,No,111.0,Online,Failed,Schedule Follow-up,Good
P060,23,16,134.0,77.0,75.0,36.4,,No,No,No,Yes,No,No,128.0,Online,Not Required,Schedule Follow-up,Incomplete
P028,15,12,151.0,97.0,84.0,36.7,99.0,No,Yes,No,No,Yes,No,150.0,Online,Completed,Clinician Review,Good
P079,53,35,111.0,72.0,100.0,36.9,97.0,No,No,No,No,No,Yes,114.0,Online,Not Required,Schedule Follow-up,Good
P031,49,15,112.0,74.0,71.0,37.1,96.0,No,No,No,No,No,No,115.0,Online,Not Required,Continue Monitoring,Good
P037,20,21,112.0,72.0,78.0,36.2,95.0,No,No,No,No,No,No,119.0,Online,Not Required,Continue Monitoring,Good
P084,45,12,152.0,98.0,77.0,37.4,98.0,No,No,No,No,Yes,No,153.0,Online,Failed,Clinician Review,Good
P015,6,27,,,,,,No,No,No,No,No,No,,Online,Not Required,Immediate Referral,Invalid
P005,46,17,155.0,75.0,85.0,37.1,95.0,No,No,No,No,No,No,160.0,Online,Not Required,Clinician Review,Good
P090,15,18,122.0,73.0,91.0,37.2,97.0,No,No,No,No,No,No,115.0,Online,Not Required,Continue Monitoring,Good
P018,15,30,120.0,78.0,80.0,37.4,97.0,No,No,No,No,No,No,113.0,Offline,Failed,Continue Monitoring,Good
P045,33,29,142.0,77.0,95.0,37.5,98.0,No,No,No,No,Yes,No,144.0,Online,Not Required,Clinician Review,Good
P027,31,39,129.0,81.0,72.0,37.3,98.0,No,No,No,No,No,No,130.0,Offline,Not Required,Continue Monitoring,Good
P094,46,22,120.0,78.0,98.0,36.5,100.0,Yes,Yes,No,No,Yes,No,119.0,Online,Failed,Immediate Referral,Good
P097,4,25,113.0,78.0,81.0,36.3,100.0,Yes,Yes,No,No,Yes,No,120.0,Online,Not Required,Immediate Referral,Good
P059,14,15,117.0,74.0,85.0,36.6,100.0,Yes,Yes,No,No,Yes,No,116.0,Online,Not Required,Immediate Referral,Good
P079,5,35,110.0,78.0,79.0,36.7,96.0,No,No,No,No,No,No,112.0,Online,Not Required,Continue Monitoring,Good
P032,26,16,116.0,77.0,70.0,37.4,95.0,No,No,No,No,No,No,111.0,Online,Failed,Continue Monitoring,Good
P025,51,37,152.0,77.0,84.0,37.2,,No,No,No,No,No,No,149.0,Offline,Not Required,Clinician Review,Incomplete
P060,35,16,147.0,75.0,77.0,37.1,,No,No,No,No,No,No,152.0,Online,Failed,Clinician Review,Incomplete
P035,13,19,183.0,108.0,64.0,36.8,99.0,No,No,No,No,No,No,188.0,Online,Not Required,Immediate Referral,Good
P056,35,12,148.0,92.0,62.0,36.3,96.0,No,Yes,No,No,Yes,Yes,147.0,Online,Completed,Immediate Referral,Good
P088,12,16,114.0,77.0,94.0,36.7,99.0,No,No,No,No,No,No,119.0,Online,Not Required,Continue Monitoring,Good
P004,25,16,113.0,76.0,82.0,36.5,100.0,No,No,No,No,No,No,119.0,Online,Failed,Continue Monitoring,Good
P062,38,18,120.0,73.0,83.0,36.9,100.0,No,No,No,No,No,No,128.0,Online,Not Required,Continue Monitoring,Good
P071,13,27,115.0,74.0,77.0,36.3,96.0,No,No,No,No,No,No,120.0,Online,Failed,Continue Monitoring,Good
P070,21,26,130.0,76.0,77.0,37.0,95.0,No,No,No,No,No,No,126.0,Online,Not Required,Schedule Follow-up,Good
P087,37,15,124.0,77.0,100.0,37.5,100.0,No,No,No,No,No,No,118.0,Online,Not Required,Continue Monitoring,Good
P040,11,24,119.0,,86.0,37.2,95.0,No,No,No,No,No,No,118.0,Online,Pending,Continue Monitoring,Incomplete
P058,32,14,117.0,76.0,94.0,37.1,98.0,Yes,No,No,Yes,No,No,114.0,Online,Failed,Clinician Review,Good
P077,9,33,147.0,93.0,93.0,37.4,96.0,Yes,No,No,No,No,No,144.0,Online,Not Required,Clinician Review,Good
P094,10,22,114.0,74.0,,36.1,100.0,No,No,No,No,No,No,121.0,Online,Completed,Continue Monitoring,Incomplete
P089,14,17,115.0,77.0,71.0,36.7,95.0,No,No,No,No,No,No,108.0,Offline,Failed,Continue Monitoring,Good
P030,41,14,146.0,72.0,88.0,37.0,98.0,No,No,No,No,No,No,148.0,Online,Not Required,Clinician Review,Good
P017,31,29,120.0,74.0,67.0,,99.0,No,No,No,No,No,No,116.0,Offline,Not Required,Continue Monitoring,Incomplete
P094,42,22,115.0,75.0,98.0,37.1,98.0,No,No,No,No,No,No,118.0,Online,Not Required,Continue Monitoring,Good
P060,45,16,,77.0,92.0,37.0,96.0,No,No,No,No,No,Yes,149.0,Online,Pending,Clinician Review,Incomplete
P019,12,31,113.0,,81.0,36.7,95.0,No,No,No,No,No,No,108.0,Online,Not Required,Continue Monitoring,Incomplete
P078,20,34,129.0,77.0,87.0,36.4,98.0,No,No,No,Yes,No,No,127.0,Online,Not Required,Schedule Follow-up,Good
P078,30,34,121.0,77.0,68.0,37.0,99.0,No,No,No,No,No,No,126.0,Offline,Completed,Continue Monitoring,Good
P098,8,26,142.0,93.0,86.0,36.9,97.0,No,No,No,No,Yes,No,147.0,Online,Not Required,Clinician Review,Good
P022,25,34,112.0,74.0,62.0,37.4,95.0,No,No,No,No,No,No,118.0,Online,Completed,Continue Monitoring,Good
P096,24,24,123.0,81.0,60.0,37.3,99.0,No,No,No,No,No,No,128.0,Online,Not Required,Continue Monitoring,Good
P055,52,39,151.0,77.0,75.0,37.5,,No,Yes,No,No,No,No,151.0,Online,Pending,Clinician Review,Incomplete
P057,37,13,162.0,93.0,94.0,37.0,99.0,No,No,No,No,No,No,,Online,Pending,Immediate Referral,Good
P038,21,22,151.0,101.0,69.0,36.7,100.0,No,No,No,No,No,No,,Online,Pending,Clinician Review,Good
P094,39,22,112.0,77.0,78.0,36.1,96.0,No,No,No,No,No,No,106.0,Online,Pending,Continue Monitoring,Good
P060,1,16,110.0,72.0,60.0,37.2,100.0,No,No,No,No,No,No,118.0,Online,Not Required,Continue Monitoring,Good
P082,10,38,117.0,78.0,70.0,36.5,,No,No,No,No,No,No,122.0,Online,Not Required,Continue Monitoring,Incomplete
P062,5,18,112.0,74.0,78.0,36.4,100.0,No,No,No,No,No,No,117.0,Online,Not Required,Continue Monitoring,Good
P007,22,19,151.0,93.0,71.0,36.7,97.0,No,No,No,No,Yes,No,148.0,Online,Not Required,Clinician Review,Good
P004,5,16,110.0,78.0,69.0,37.2,96.0,No,No,No,No,No,No,105.0,Online,Not Required,Continue Monitoring,Good
P099,33,27,127.0,82.0,86.0,36.9,100.0,No,No,No,No,No,No,120.0,Online,Not Required,Continue Monitoring,Good
P057,28,13,121.0,78.0,83.0,36.1,95.0,No,No,No,No,No,No,125.0,Online,Not Required,Continue Monitoring,Good
P090,1,18,172.0,91.0,84.0,37.1,100.0,No,No,No,No,No,No,169.0,Offline,Not Required,Immediate Referral,Good
P008,1,20,111.0,73.0,64.0,36.1,98.0,No,No,No,No,No,No,106.0,Online,Pending,Continue Monitoring,Good
P043,1,27,112.0,76.0,70.0,36.1,98.0,No,No,No,No,No,No,113.0,Online,Not Required,Continue Monitoring,Good
P001,12,13,110.0,73.0,85.0,36.4,100.0,No,No,No,No,No,No,106.0,Online,Not Required,Continue Monitoring,Good
P046,7,30,115.0,72.0,75.0,36.5,99.0,No,No,Yes,No,No,No,122.0,Online,Not Required,Schedule Follow-up,Good
P018,5,30,124.0,77.0,82.0,,98.0,No,No,No,No,No,No,122.0,Online,Failed,Continue Monitoring,Incomplete
P062,33,18,110.0,74.0,70.0,36.3,98.0,Yes,No,No,No,No,No,114.0,Online,Not Required,Schedule Follow-up,Good
P095,1,23,117.0,78.0,68.0,36.6,97.0,No,No,No,No,No,No,123.0,Online,Completed,Continue Monitoring,Good
P036,34,20,121.0,80.0,66.0,36.7,96.0,No,No,No,No,Yes,No,115.0,Online,Pending,Schedule Follow-up,Good
P091,15,19,148.0,92.0,83.0,37.3,98.0,Yes,No,No,No,No,No,146.0,Online,Failed,Clinician Review,Good
P067,31,23,110.0,77.0,75.0,37.1,99.0,Yes,No,No,No,No,No,106.0,Online,Failed,Schedule Follow-up,Good
P067,24,23,111.0,75.0,87.0,36.4,97.0,Yes,No,No,No,No,No,105.0,Offline,Not Required,Schedule Follow-up,Good
P014,13,26,141.0,98.0,83.0,37.2,98.0,Yes,Yes,Yes,No,No,No,144.0,Offline,Not Required,Immediate Referral,Good
P036,20,20,124.0,78.0,63.0,,98.0,No,No,No,No,No,No,127.0,Online,Pending,Continue Monitoring,Incomplete
P062,30,18,111.0,77.0,97.0,37.0,97.0,No,No,No,No,No,Yes,105.0,Online,Pending,Schedule Follow-up,Good
P046,25,30,,,,,,No,No,No,No,No,No,2.0,Online,Failed,Immediate Referral,Invalid
P064,1,20,111.0,77.0,91.0,37.0,98.0,No,No,No,No,No,No,114.0,Online,Not Required,Continue Monitoring,Good
P001,51,13,116.0,77.0,78.0,37.1,95.0,No,No,No,No,No,No,109.0,Online,Completed,Continue Monitoring,Good
P030,21,14,132.0,73.0,,37.2,99.0,No,No,No,No,No,No,127.0,Online,Failed,Schedule Follow-up,Incomplete
P055,30,39,144.0,74.0,79.0,37.3,98.0,No,Yes,No,Yes,Yes,No,136.0,Online,Completed,Immediate Referral,Good
P035,42,19,152.0,77.0,85.0,37.3,99.0,No,No,No,No,No,No,155.0,Online,Not Required,Clinician Review,Good
P033,1,17,124.0,83.0,95.0,36.3,97.0,No,No,No,No,No,Yes,130.0,Online,Not Required,Schedule Follow-up,Good
P094,4,22,113.0,74.0,72.0,36.8,96.0,No,No,No,No,Yes,No,117.0,Online,Failed,Schedule Follow-up,Good
P083,34,39,114.0,73.0,65.0,36.2,97.0,No,No,No,No,No,No,120.0,Online,Pending,Continue Monitoring,Good
P087,13,15,,,,,,No,No,Yes,No,No,No,1007.0,Online,Completed,Immediate Referral,Invalid
P100,38,28,143.0,72.0,68.0,36.5,98.0,No,No,No,No,No,No,138.0,Online,Pending,Clinician Review,Good
P076,6,32,117.0,75.0,97.0,36.5,96.0,Yes,Yes,No,No,Yes,No,115.0,Online,Completed,Immediate Referral,Good
P023,1,35,110.0,76.0,76.0,36.9,97.0,No,No,No,No,No,No,108.0,Online,Not Required,Continue Monitoring,Good
P098,12,26,146.0,97.0,60.0,37.1,96.0,Yes,No,No,No,Yes,No,138.0,Online,Completed,Clinician Review,Good
P012,1,24,126.0,82.0,,,97.0,No,Yes,No,Yes,No,No,120.0,Online,Not Required,Clinician Review,Incomplete
P075,37,31,139.0,75.0,78.0,36.3,98.0,Yes,No,No,No,Yes,No,134.0,Online,Not Required,Clinician Review,Good
P014,40,26,148.0,97.0,89.0,36.8,100.0,No,Yes,No,No,Yes,Yes,156.0,Offline,Not Required,Immediate Referral,Good
P098,5,26,148.0,92.0,63.0,36.5,95.0,Yes,No,Yes,No,No,No,148.0,Online,Not Required,Clinician Review,Good
P005,55,17,160.0,77.0,88.0,37.0,99.0,No,No,No,No,No,No,161.0,Offline,Not Required,Immediate Referral,Good
P019,9,31,111.0,72.0,91.0,36.2,95.0,No,No,No,No,No,No,103.0,Online,Not Required,Continue Monitoring,Good
P050,15,34,125.0,74.0,84.0,37.5,,No,No,No,No,No,No,130.0,Offline,Not Required,Continue Monitoring,Incomplete
P043,26,27,117.0,74.0,76.0,36.3,99.0,No,No,No,No,No,No,117.0,Online,Not Required,Continue Monitoring,Good
P085,16,13,130.0,76.0,91.0,36.8,95.0,No,No,No,No,Yes,Yes,130.0,Online,Completed,Clinician Review,Good
P096,28,24,125.0,82.0,73.0,36.3,96.0,Yes,Yes,No,No,Yes,No,130.0,Online,Failed,Immediate Referral,Good
P043,30,27,112.0,73.0,81.0,37.4,96.0,No,No,No,Yes,No,No,115.0,Online,Not Required,Schedule Follow-up,Good
P011,36,23,110.0,76.0,78.0,,99.0,No,No,No,No,No,No,103.0,Online,Completed,Continue Monitoring,Incomplete
P078,1,34,128.0,83.0,98.0,36.8,97.0,No,No,Yes,No,No,No,132.0,Online,Not Required,Schedule Follow-up,Good
P074,1,30,149.0,100.0,100.0,37.1,98.0,No,No,No,No,No,No,141.0,Online,Failed,Clinician Review,Good
P008,27,20,119.0,76.0,81.0,37.3,95.0,No,No,No,No,No,No,112.0,Online,Not Required,Continue Monitoring,Good
P011,13,23,114.0,72.0,78.0,36.1,95.0,No,No,No,No,Yes,No,122.0,Offline,Not Required,Schedule Follow-up,Good
P027,19,39,121.0,82.0,77.0,36.3,100.0,No,No,No,No,No,No,117.0,Online,Not Required,Continue Monitoring,Good
P099,38,27,129.0,78.0,72.0,36.5,98.0,No,No,No,No,No,No,125.0,Online,Pending,Continue Monitoring,Good
P057,34,13,125.0,80.0,89.0,36.7,98.0,No,No,Yes,No,Yes,No,124.0,Online,Completed,Clinician Review,Good
P018,29,30,126.0,78.0,85.0,37.0,98.0,No,No,No,Yes,Yes,No,131.0,Online,Not Required,Clinician Review,Good
P017,1,29,118.0,,63.0,37.1,99.0,No,No,No,No,No,No,117.0,Online,Failed,Continue Monitoring,Incomplete
P032,12,16,,,,,,Yes,No,No,No,No,No,1002.0,Online,Completed,Immediate Referral,Invalid
P084,1,12,140.0,93.0,69.0,37.2,100.0,Yes,No,No,Yes,No,No,145.0,Online,Pending,Clinician Review,Good
P058,15,14,112.0,72.0,,36.7,99.0,No,No,No,No,No,No,109.0,Online,Pending,Continue Monitoring,Incomplete
P037,25,21,113.0,74.0,93.0,36.6,95.0,No,No,No,No,No,No,117.0,Online,Failed,Continue Monitoring,Good
P047,22,31,120.0,73.0,96.0,37.1,99.0,No,No,No,No,No,No,116.0,Offline,Not Required,Continue Monitoring,Good
P080,12,36,122.0,78.0,75.0,,96.0,No,No,No,No,Yes,No,129.0,Online,Not Required,Schedule Follow-up,Incomplete
P022,33,34,117.0,,68.0,37.5,99.0,No,No,No,No,No,No,112.0,Online,Not Required,Continue Monitoring,Incomplete
P039,4,23,120.0,79.0,86.0,36.9,95.0,No,No,No,No,No,No,122.0,Online,Pending,Continue Monitoring,Good
P052,10,36,120.0,75.0,64.0,36.9,96.0,No,No,No,No,No,No,121.0,Online,Not Required,Continue Monitoring,Good
P045,25,29,131.0,,96.0,36.4,99.0,No,No,No,Yes,No,No,124.0,Online,Not Required,Schedule Follow-up,Incomplete
P018,32,30,123.0,81.0,81.0,37.4,100.0,No,No,No,No,No,No,130.0,Online,Not Required,Continue Monitoring,Good
P086,7,14,114.0,77.0,62.0,36.2,98.0,No,No,No,No,No,No,122.0,Online,Not Required,Continue Monitoring,Good
P056,10,12,149.0,95.0,63.0,36.6,98.0,No,No,No,Yes,No,No,146.0,Online,Not Required,Clinician Review,Good
P035,34,19,140.0,78.0,62.0,37.5,95.0,Yes,Yes,Yes,Yes,Yes,No,139.0,Offline,Not Required,Immediate Referral,Good
P069,6,25,130.0,77.0,64.0,36.5,99.0,No,No,No,No,No,No,129.0,Online,Completed,Schedule Follow-up,Good
P065,31,21,134.0,74.0,86.0,37.1,99.0,No,No,No,No,No,No,136.0,Offline,Failed,Schedule Follow-up,Good
P030,29,14,134.0,72.0,91.0,37.3,97.0,No,No,No,No,No,No,127.0,Offline,Pending,Schedule Follow-up,Good
P096,8,24,124.0,77.0,94.0,37.2,95.0,No,No,No,No,No,No,126.0,Online,Not Required,Continue Monitoring,Good
P003,43,15,121.0,81.0,84.0,37.4,100.0,No,No,No,No,No,No,121.0,Online,Pending,Continue Monitoring,Good
P030,18,14,128.0,72.0,75.0,37.2,,No,No,No,No,No,No,136.0,Offline,Completed,Continue Monitoring,Incomplete
P006,27,18,,,,,,No,No,No,Yes,No,No,300.0,Online,Pending,Immediate Referral,Invalid
P041,37,25,110.0,73.0,92.0,37.3,99.0,No,No,No,No,No,No,118.0,Online,Not Required,Continue Monitoring,Good
P019,17,31,111.0,73.0,73.0,36.6,97.0,No,No,No,No,No,Yes,108.0,Online,Pending,Schedule Follow-up,Good
P038,4,22,,73.0,97.0,36.1,99.0,No,No,No,No,No,No,116.0,Online,Completed,Continue Monitoring,Incomplete
P038,17,22,118.0,77.0,92.0,37.5,100.0,Yes,Yes,No,No,Yes,No,110.0,Online,Completed,Immediate Referral,Good
P005,17,17,126.0,74.0,75.0,37.2,97.0,No,No,No,No,No,No,121.0,Online,Not Required,Continue Monitoring,Good
P059,11,15,113.0,76.0,68.0,37.4,96.0,No,No,No,No,No,No,111.0,Offline,Pending,Continue Monitoring,Good
P081,15,37,127.0,77.0,70.0,36.3,97.0,No,No,No,No,No,No,135.0,Online,Not Required,Continue Monitoring,Good
P004,32,16,118.0,73.0,78.0,36.3,97.0,No,No,No,Yes,No,No,112.0,Online,Failed,Schedule Follow-up,Good
P053,10,37,119.0,78.0,92.0,36.2,95.0,No,No,No,No,No,No,119.0,Online,Not Required,Continue Monitoring,Good
P064,8,20,116.0,74.0,80.0,36.6,96.0,No,Yes,No,No,No,No,116.0,Online,Completed,Schedule Follow-up,Good
P070,13,26,122.0,74.0,76.0,,95.0,No,No,No,No,No,No,130.0,Online,Not Required,Continue Monitoring,Incomplete
P075,4,31,121.0,73.0,96.0,36.7,98.0,Yes,Yes,No,No,Yes,Yes,126.0,Online,Pending,Immediate Referral,Good
P077,21,33,143.0,97.0,74.0,37.1,97.0,Yes,Yes,No,No,No,Yes,141.0,Online,Not Required,Immediate Referral,Good
P036,4,20,130.0,77.0,100.0,37.0,96.0,No,No,No,No,No,No,133.0,Online,Not Required,Schedule Follow-up,Good
P008,22,20,116.0,72.0,91.0,36.9,96.0,No,Yes,No,No,No,No,113.0,Online,Failed,Schedule Follow-up,Good
P050,27,34,141.0,75.0,98.0,36.6,98.0,No,No,No,No,No,No,135.0,Online,Failed,Clinician Review,Good
P019,21,31,112.0,78.0,90.0,37.3,98.0,No,No,Yes,No,No,No,107.0,Offline,Not Required,Schedule Follow-up,Good
P013,7,25,,75.0,74.0,36.6,95.0,No,No,No,No,No,No,112.0,Offline,Completed,Continue Monitoring,Incomplete
P088,4,16,118.0,72.0,63.0,,97.0,No,No,No,No,No,No,121.0,Online,Not Required,Continue Monitoring,Incomplete
P073,11,29,118.0,72.0,92.0,36.7,98.0,Yes,No,Yes,No,No,Yes,123.0,Online,Pending,Immediate Referral,Good
P022,41,34,116.0,,60.0,37.1,99.0,No,No,No,No,No,No,115.0,Online,Pending,Continue Monitoring,Incomplete
P017,4,29,117.0,75.0,78.0,36.7,96.0,No,No,No,No,No,No,125.0,Online,Failed,Continue Monitoring,Good
P005,13,17,126.0,78.0,74.0,36.7,98.0,No,No,No,No,No,No,129.0,Online,Pending,Continue Monitoring,Good
P070,5,26,117.0,72.0,91.0,36.5,97.0,No,No,No,No,No,No,117.0,Online,Completed,Continue Monitoring,Good
P069,38,25,,81.0,65.0,37.4,98.0,No,No,No,No,No,No,122.0,Online,Not Required,Continue Monitoring,Incomplete
P041,10,25,118.0,75.0,85.0,36.1,95.0,No,No,No,No,No,No,115.0,Online,Not Required,Continue Monitoring,Good
P054,27,38,124.0,80.0,89.0,36.4,97.0,No,No,No,No,No,No,132.0,Online,Not Required,Continue Monitoring,Good
P035,49,19,157.0,75.0,81.0,36.2,99.0,No,No,No,No,No,No,159.0,Online,Pending,Clinician Review,Good
P097,1,25,120.0,73.0,64.0,36.9,95.0,No,No,No,No,No,No,116.0,Online,Completed,Continue Monitoring,Good
P024,33,36,120.0,83.0,74.0,37.5,95.0,No,No,No,No,Yes,No,127.0,Offline,Pending,Schedule Follow-up,Good
P075,47,31,153.0,77.0,90.0,36.6,99.0,No,No,No,No,No,No,153.0,Online,Pending,Clinician Review,Good
P054,17,38,155.0,104.0,89.0,,97.0,No,No,No,No,No,No,157.0,Online,Not Required,Clinician Review,Incomplete
P023,6,35,110.0,76.0,79.0,36.6,97.0,No,No,Yes,No,No,No,106.0,Offline,Failed,Schedule Follow-up,Good
P068,13,24,117.0,76.0,100.0,36.7,96.0,No,No,No,No,Yes,Yes,121.0,Online,Not Required,Clinician Review,Good
P061,32,17,110.0,74.0,66.0,37.3,97.0,No,No,No,Yes,No,No,108.0,Online,Not Required,Schedule Follow-up,Good
P044,20,28,120.0,77.0,63.0,36.2,99.0,No,No,No,Yes,No,No,115.0,Online,Failed,Schedule Follow-up,Good
P053,36,37,111.0,76.0,89.0,36.2,95.0,No,No,No,No,Yes,No,119.0,Online,Not Required,Schedule Follow-up,Good
P073,1,29,113.0,77.0,68.0,36.5,98.0,No,No,No,No,No,No,115.0,Online,Not Required,Continue Monitoring,Good
P031,41,15,118.0,75.0,100.0,37.1,96.0,Yes,No,No,No,No,No,115.0,Online,Failed,Schedule Follow-up,Good
P080,1,36,111.0,76.0,73.0,36.5,98.0,No,No,No,No,No,No,109.0,Online,Pending,Continue Monitoring,Good
P079,19,35,112.0,75.0,90.0,36.6,100.0,No,No,No,No,No,No,106.0,Online,Pending,Continue Monitoring,Good
P074,10,30,119.0,,90.0,37.0,97.0,Yes,No,No,No,No,No,114.0,Online,Completed,Schedule Follow-up,Incomplete
P076,19,32,118.0,73.0,96.0,37.2,96.0,No,No,No,No,No,No,115.0,Online,Not Required,Continue Monitoring,Good
P007,1,19,143.0,95.0,65.0,37.1,96.0,No,No,No,No,Yes,No,139.0,Online,Pending,Clinician Review,Good
P060,13,16,122.0,75.0,80.0,37.4,,No,No,No,No,No,No,130.0,Online,Completed,Continue Monitoring,Incomplete
P087,30,15,,77.0,74.0,36.3,96.0,Yes,No,No,No,No,No,125.0,Online,Pending,Schedule Follow-up,Incomplete
P082,32,38,117.0,78.0,65.0,36.6,100.0,No,No,No,Yes,No,No,113.0,Online,Not Required,Schedule Follow-up,Good
P084,6,12,150.0,92.0,98.0,,98.0,No,No,No,No,No,Yes,153.0,Online,Completed,Clinician Review,Incomplete
P061,49,17,114.0,73.0,92.0,37.2,,No,No,No,Yes,No,No,121.0,Online,Failed,Schedule Follow-up,Incomplete
P051,46,35,124.0,79.0,86.0,36.1,97.0,No,Yes,No,No,No,No,127.0,Offline,Not Required,Schedule Follow-up,Good
P087,6,15,188.0,107.0,62.0,36.2,,No,No,Yes,No,No,No,193.0,Online,Failed,Immediate Referral,Incomplete
P044,7,28,114.0,77.0,65.0,37.3,98.0,No,No,No,No,No,No,115.0,Online,Not Required,Continue Monitoring,Good
P041,21,25,114.0,76.0,,36.9,96.0,No,No,No,Yes,No,No,114.0,Online,Failed,Schedule Follow-up,Incomplete
P050,34,34,146.0,78.0,89.0,36.9,100.0,No,No,No,No,No,No,140.0,Online,Failed,Clinician Review,Good
P061,16,17,119.0,72.0,100.0,36.8,97.0,No,No,No,No,No,No,113.0,Offline,Completed,Continue Monitoring,Good
P003,48,15,124.0,81.0,91.0,37.5,98.0,No,No,No,No,Yes,No,129.0,Online,Not Required,Schedule Follow-up,Good
P047,26,31,113.0,75.0,98.0,36.5,97.0,No,No,No,No,No,No,109.0,Online,Pending,Continue Monitoring,Good
P032,16,16,114.0,72.0,94.0,37.3,98.0,No,No,No,No,No,No,116.0,Online,Completed,Continue Monitoring,Good
P055,33,39,136.0,74.0,99.0,36.4,99.0,No,No,No,Yes,No,No,132.0,Online,Not Required,Schedule Follow-up,Good
P086,25,14,113.0,74.0,68.0,36.5,95.0,No,No,No,No,No,No,107.0,Online,Not Required,Continue Monitoring,Good
P083,1,39,111.0,72.0,,37.1,98.0,No,No,No,No,No,No,116.0,Online,Completed,Continue Monitoring,Incomplete
P053,27,37,172.0,94.0,83.0,36.7,99.0,No,No,No,No,No,No,166.0,Online,Not Required,Immediate Referral,Good
P046,40,30,115.0,75.0,81.0,36.3,96.0,No,No,No,No,Yes,No,108.0,Online,Not Required,Schedule Follow-up,Good
P011,26,23,110.0,78.0,68.0,36.3,97.0,Yes,No,No,No,No,No,109.0,Online,Pending,Schedule Follow-up,Good
P055,1,39,114.0,77.0,74.0,36.1,96.0,No,No,Yes,No,No,No,106.0,Online,Completed,Schedule Follow-up,Good
P096,16,24,126.0,83.0,91.0,37.0,99.0,No,No,No,No,Yes,No,128.0,Online,Not Required,Schedule Follow-up,Good
P046,28,30,120.0,72.0,93.0,37.4,100.0,No,No,No,No,No,No,126.0,Online,Not Required,Continue Monitoring,Good
P050,22,34,130.0,73.0,89.0,36.3,99.0,No,No,No,No,No,No,134.0,Online,Not Required,Schedule Follow-up,Good
P006,24,18,120.0,79.0,100.0,36.2,98.0,No,No,No,No,No,No,128.0,Online,Not Required,Continue Monitoring,Good
P093,6,21,120.0,79.0,86.0,36.9,98.0,No,No,No,No,No,No,121.0,Online,Failed,Continue Monitoring,Good
P084,19,12,146.0,96.0,90.0,36.8,96.0,Yes,No,No,No,No,No,149.0,Online,Not Required,Clinician Review,Good
P043,21,27,114.0,76.0,73.0,36.9,96.0,No,No,No,No,No,No,112.0,Online,Pending,Continue Monitoring,Good
P099,20,27,124.0,79.0,69.0,36.5,,No,No,No,No,No,No,120.0,Offline,Pending,Continue Monitoring,Incomplete
P005,32,17,138.0,77.0,76.0,36.5,97.0,Yes,No,No,No,No,No,130.0,Online,Not Required,Schedule Follow-up,Good
P083,8,39,110.0,78.0,84.0,37.1,100.0,No,No,No,No,No,No,110.0,Online,Pending,Continue Monitoring,Good
P058,23,14,116.0,78.0,69.0,37.3,99.0,No,No,No,No,No,No,116.0,Online,Not Required,Continue Monitoring,Good
P002,4,14,115.0,78.0,88.0,37.1,96.0,No,No,No,No,No,No,115.0,Online,Not Required,Continue Monitoring,Good
P098,26,26,142.0,96.0,83.0,36.1,98.0,No,No,No,No,No,No,140.0,Online,Failed,Clinician Review,Good
P025,30,37,135.0,76.0,89.0,37.0,96.0,No,No,No,No,No,No,139.0,Online,Not Required,Schedule Follow-up,Good
P037,10,21,110.0,75.0,96.0,36.5,99.0,No,Yes,No,No,No,No,108.0,Online,Failed,Schedule Follow-up,Good
P084,10,12,143.0,93.0,69.0,36.4,96.0,Yes,No,No,Yes,Yes,No,149.0,Online,Not Required,Immediate Referral,Good
P070,1,26,154.0,93.0,68.0,37.3,98.0,No,No,No,No,No,No,150.0,Offline,Failed,Clinician Review,Good
P003,27,15,129.0,83.0,67.0,36.2,96.0,No,No,No,No,No,No,126.0,Online,Not Required,Continue Monitoring,Good
P011,29,23,117.0,72.0,60.0,36.6,98.0,No,No,No,No,No,No,116.0,Online,Failed,Continue Monitoring,Good
P018,23,30,130.0,79.0,62.0,36.3,96.0,No,Yes,No,No,No,Yes,132.0,Online,Failed,Clinician Review,Good
P078,39,34,122.0,82.0,71.0,36.6,95.0,No,Yes,No,No,No,No,120.0,Offline,Not Required,Schedule Follow-up,Good
P062,45,18,116.0,78.0,98.0,37.1,96.0,No,Yes,No,No,No,No,109.0,Online,Pending,Schedule Follow-up,Good
P014,1,26,147.0,94.0,68.0,36.6,99.0,Yes,No,No,No,No,No,149.0,Offline,Completed,Clinician Review,Good
P091,38,19,152.0,92.0,75.0,36.4,96.0,No,Yes,No,No,No,No,152.0,Online,Not Required,Clinician Review,Good
P030,14,14,127.0,77.0,63.0,37.2,96.0,Yes,No,No,No,No,Yes,120.0,Online,Not Required,Clinician Review,Good
P090,4,18,117.0,76.0,88.0,36.3,97.0,No,No,No,No,No,No,110.0,Online,Pending,Continue Monitoring,Good
P016,5,28,117.0,78.0,94.0,36.3,96.0,Yes,Yes,No,No,Yes,No,114.0,Online,Pending,Immediate Referral,Good
P091,12,19,149.0,93.0,69.0,37.3,96.0,No,Yes,No,No,No,No,141.0,Online,Completed,Clinician Review,Good
P025,13,37,122.0,77.0,100.0,37.3,96.0,No,No,No,No,No,No,122.0,Offline,Pending,Continue Monitoring,Good
P023,11,35,114.0,72.0,64.0,36.5,99.0,No,No,No,No,Yes,No,118.0,Offline,Not Required,Schedule Follow-up,Good
P022,17,34,116.0,76.0,,36.4,97.0,Yes,No,No,No,No,No,120.0,Online,Not Required,Schedule Follow-up,Incomplete
P058,5,14,120.0,76.0,90.0,36.4,98.0,No,No,No,No,Yes,No,118.0,Online,Not Required,Schedule Follow-up,Good
P080,45,36,153.0,78.0,78.0,36.4,95.0,No,No,No,No,No,No,146.0,Online,Pending,Clinician Review,Good
P022,10,34,114.0,77.0,92.0,36.6,100.0,No,No,No,No,No,No,107.0,Online,Pending,Continue Monitoring,Good
P059,1,15,116.0,76.0,93.0,37.3,100.0,No,No,No,No,No,No,121.0,Online,Not Required,Continue Monitoring,Good
P013,1,25,,77.0,88.0,37.3,99.0,No,Yes,No,No,No,No,123.0,Online,Not Required,Schedule Follow-up,Incomplete
P091,52,19,149.0,95.0,82.0,36.6,96.0,Yes,Yes,No,No,Yes,No,149.0,Online,Not Required,Immediate Referral,Good
P100,28,28,134.0,78.0,91.0,37.3,97.0,No,No,No,No,No,No,140.0,Online,Not Required,Schedule Follow-up,Good
P005,25,17,135.0,78.0,88.0,37.4,96.0,No,No,No,No,No,No,134.0,Online,Completed,Schedule Follow-up,Good
P003,4,15,130.0,80.0,76.0,36.3,97.0,No,No,No,No,No,No,129.0,Online,Not Required,Schedule Follow-up,Good
P022,38,34,110.0,75.0,74.0,37.3,96.0,No,No,No,No,Yes,No,118.0,Online,Pending,Schedule Follow-up,Good
P100,43,28,153.0,75.0,100.0,36.9,98.0,No,No,No,No,No,No,154.0,Online,Not Required,Clinician Review,Good
P067,9,23,119.0,73.0,66.0,37.5,99.0,No,No,No,No,No,No,120.0,Online,Completed,Continue Monitoring,Good
P012,43,24,,81.0,88.0,36.9,95.0,No,No,No,Yes,No,No,120.0,Online,Failed,Schedule Follow-up,Incomplete
P080,31,36,144.0,75.0,79.0,36.9,100.0,No,No,No,No,No,No,142.0,Online,Completed,Clinician Review,Good
P091,6,19,146.0,97.0,70.0,37.1,96.0,No,No,No,No,Yes,No,151.0,Online,Not Required,Clinician Review,Good
P085,13,13,122.0,78.0,81.0,36.4,,No,No,No,No,No,No,123.0,Online,Failed,Continue Monitoring,Incomplete
P006,12,18,128.0,77.0,83.0,36.2,95.0,No,No,Yes,No,Yes,No,125.0,Online,Not Required,Clinician Review,Good
P074,43,30,112.0,76.0,83.0,36.9,98.0,No,No,No,No,No,Yes,119.0,Online,Not Required,Schedule Follow-up,Good
P057,25,13,125.0,80.0,72.0,36.9,99.0,Yes,Yes,No,No,Yes,No,119.0,Online,Failed,Immediate Referral,Good
P037,53,21,116.0,72.0,82.0,36.2,98.0,No,No,No,No,Yes,No,114.0,Online,Completed,Schedule Follow-up,Good
P062,26,18,117.0,78.0,72.0,36.5,100.0,No,No,No,Yes,No,No,113.0,Online,Not Required,Schedule Follow-up,Good
P037,33,21,119.0,77.0,96.0,36.9,100.0,No,Yes,Yes,No,No,No,126.0,Online,Failed,Clinician Review,Good
P025,24,37,132.0,72.0,89.0,37.4,96.0,No,No,No,No,No,Yes,128.0,Online,Failed,Schedule Follow-up,Good
P046,15,30,112.0,75.0,74.0,36.6,98.0,Yes,No,No,No,No,No,111.0,Online,Failed,Schedule Follow-up,Good
P079,45,35,113.0,78.0,91.0,36.5,95.0,No,No,No,No,No,No,118.0,Offline,Pending,Continue Monitoring,Good
P023,14,35,116.0,74.0,94.0,36.5,99.0,No,No,No,No,No,No,109.0,Online,Completed,Continue Monitoring,Good
P073,16,29,154.0,99.0,88.0,37.1,98.0,No,No,No,No,No,No,161.0,Online,Completed,Clinician Review,Good
P003,55,15,125.0,83.0,,37.4,97.0,No,No,No,No,No,No,126.0,Online,Not Required,Continue Monitoring,Incomplete
P030,25,14,134.0,76.0,,,97.0,Yes,No,No,No,No,No,132.0,Online,Not Required,Schedule Follow-up,Incomplete
P093,21,21,129.0,77.0,74.0,37.2,95.0,No,No,No,No,No,No,128.0,Online,Pending,Continue Monitoring,Good
P088,29,16,117.0,75.0,69.0,36.7,97.0,No,No,No,No,No,No,120.0,Online,Not Required,Continue Monitoring,Good
P010,44,22,151.0,73.0,100.0,36.6,98.0,No,No,No,No,No,No,149.0,Online,Not Required,Clinician Review,Good
P090,25,18,140.0,78.0,99.0,36.6,98.0,No,No,No,No,No,No,145.0,Online,Pending,Clinician Review,Good
P083,25,39,118.0,73.0,84.0,37.4,98.0,No,No,No,No,No,No,122.0,Online,Completed,Continue Monitoring,Good
P075,55,31,161.0,74.0,99.0,37.4,99.0,No,No,No,No,Yes,Yes,168.0,Online,Not Required,Immediate Referral,Good
P043,14,27,115.0,76.0,80.0,36.9,98.0,No,No,No,No,No,No,119.0,Online,Not Required,Continue Monitoring,Good
P057,10,13,123.0,77.0,,37.4,95.0,No,No,No,No,No,Yes,120.0,Online,Completed,Schedule Follow-up,Incomplete
P038,9,22,115.0,72.0,83.0,36.2,96.0,No,No,No,No,No,No,117.0,Online,Not Required,Continue Monitoring,Good
P047,4,31,119.0,76.0,86.0,37.5,97.0,No,No,No,No,No,No,122.0,Offline,Not Required,Continue Monitoring,Good
P040,1,24,120.0,75.0,65.0,36.6,95.0,No,No,No,No,Yes,No,113.0,Online,Not Required,Schedule Follow-up,Good
P014,22,26,200.0,120.0,68.0,37.4,100.0,No,No,No,No,No,No,202.0,Online,Not Required,Immediate Referral,Good
P056,47,12,145.0,92.0,68.0,37.2,95.0,Yes,Yes,Yes,No,Yes,Yes,151.0,Offline,Not Required,Immediate Referral,Good
P080,41,36,149.0,77.0,81.0,37.2,95.0,No,No,No,No,No,No,155.0,Offline,Failed,Clinician Review,Good
P076,22,32,113.0,77.0,91.0,36.9,96.0,No,No,No,No,No,No,119.0,Online,Not Required,Continue Monitoring,Good
P098,21,26,145.0,93.0,80.0,37.2,96.0,Yes,No,No,No,No,No,140.0,Online,Not Required,Clinician Review,Good
P052,6,36,111.0,72.0,64.0,36.8,100.0,Yes,No,No,No,No,No,117.0,Online,Not Required,Schedule Follow-up,Good
P032,29,16,170.0,107.0,83.0,36.8,98.0,No,No,No,No,No,No,172.0,Online,Not Required,Immediate Referral,Good
P004,15,16,116.0,75.0,89.0,36.7,96.0,No,No,No,No,No,No,120.0,Online,Not Required,Continue Monitoring,Good
P005,5,17,114.0,75.0,90.0,36.3,97.0,No,No,No,No,No,No,116.0,Online,Failed,Continue Monitoring,Good
P014,43,26,148.0,93.0,80.0,37.1,99.0,Yes,Yes,No,No,Yes,No,143.0,Online,Not Required,Immediate Referral,Good
P012,20,24,128.0,79.0,81.0,37.1,100.0,No,No,No,Yes,No,No,130.0,Online,Failed,Schedule Follow-up,Good
P100,31,28,142.0,74.0,,37.2,100.0,No,No,No,No,No,No,143.0,Online,Not Required,Clinician Review,Incomplete
P075,26,31,139.0,74.0,65.0,36.8,98.0,No,No,No,No,No,No,139.0,Online,Not Required,Schedule Follow-up,Good
P048,11,32,127.0,81.0,69.0,37.2,97.0,No,No,No,No,No,No,132.0,Online,Not Required,Continue Monitoring,Good
P006,20,18,120.0,79.0,76.0,36.4,97.0,Yes,No,No,No,No,No,124.0,Online,Pending,Schedule Follow-up,Good
P024,4,36,129.0,80.0,78.0,36.3,96.0,No,Yes,No,No,No,No,125.0,Online,Failed,Schedule Follow-up,Good
P078,17,34,125.0,81.0,96.0,36.2,99.0,Yes,No,No,Yes,Yes,No,117.0,Online,Failed,Immediate Referral,Good
P035,1,19,117.0,75.0,94.0,,98.0,No,No,No,No,No,No,122.0,Online,Not Required,Continue Monitoring,Incomplete
P058,36,14,117.0,72.0,62.0,36.4,96.0,No,No,No,No,No,No,113.0,Offline,Not Required,Continue Monitoring,Good
P078,10,34,123.0,78.0,97.0,36.8,97.0,No,No,No,No,No,No,131.0,Online,Failed,Continue Monitoring,Good
P003,22,15,124.0,79.0,72.0,36.6,97.0,No,No,No,No,No,No,120.0,Online,Not Required,Continue Monitoring,Good
P050,1,34,166.0,,,37.2,97.0,No,No,No,No,No,No,167.0,Online,Not Required,Immediate Referral,Incomplete
P087,10,15,126.0,82.0,80.0,36.7,98.0,No,No,No,No,No,No,127.0,Offline,Not Required,Continue Monitoring,Good
P011,22,23,114.0,,84.0,37.1,96.0,No,No,No,No,No,No,114.0,Online,Not Required,Continue Monitoring,Incomplete
P038,14,22,113.0,72.0,,37.1,100.0,No,No,No,No,No,No,107.0,Online,Completed,Continue Monitoring,Incomplete
P075,1,31,113.0,72.0,85.0,37.0,95.0,Yes,No,No,No,Yes,No,119.0,Online,Not Required,Clinician Review,Good
P061,11,17,113.0,73.0,88.0,37.2,100.0,Yes,No,No,No,No,No,120.0,Online,Not Required,Schedule Follow-up,Good
P028,11,12,149.0,96.0,69.0,36.5,100.0,Yes,Yes,No,No,Yes,No,142.0,Online,Pending,Immediate Referral,Good
P038,1,22,117.0,75.0,94.0,37.3,96.0,No,No,No,No,No,No,120.0,Online,Completed,Continue Monitoring,Good
P099,29,27,121.0,81.0,94.0,36.2,95.0,No,No,No,No,No,No,119.0,Online,Not Required,Continue Monitoring,Good
P012,48,24,182.0,107.0,66.0,36.4,100.0,No,No,No,No,No,No,184.0,Online,Completed,Immediate Referral,Good
P056,42,12,148.0,98.0,73.0,36.9,95.0,No,Yes,Yes,Yes,Yes,No,154.0,Offline,Pending,Immediate Referral,Good
P028,20,12,148.0,94.0,73.0,36.5,99.0,No,No,No,Yes,No,Yes,146.0,Online,Not Required,Clinician Review,Good
P093,27,21,129.0,79.0,91.0,37.5,98.0,Yes,No,No,No,No,No,134.0,Online,Failed,Schedule Follow-up,Good
P040,26,24,137.0,73.0,99.0,36.7,95.0,No,No,No,Yes,No,No,140.0,Online,Failed,Schedule Follow-up,Good
P069,49,25,128.0,80.0,71.0,37.4,97.0,No,Yes,No,No,No,No,134.0,Online,Pending,Schedule Follow-up,Good
P071,8,27,114.0,73.0,,36.6,100.0,No,No,No,No,No,No,117.0,Offline,Failed,Continue Monitoring,Incomplete
P058,18,14,118.0,77.0,83.0,37.0,95.0,No,Yes,No,No,Yes,No,115.0,Online,Completed,Clinician Review,Good
P041,1,25,120.0,73.0,88.0,37.0,99.0,No,No,No,No,No,No,127.0,Online,Not Required,Continue Monitoring,Good
P024,25,36,,,,,,No,No,No,No,No,No,-5.0,Online,Completed,Immediate Referral,Invalid
P015,1,27,111.0,75.0,92.0,37.5,95.0,No,No,No,No,No,No,111.0,Online,Pending,Continue Monitoring,Good
P008,17,20,117.0,76.0,74.0,37.1,96.0,No,No,No,No,No,No,118.0,Online,Not Required,Continue Monitoring,Good
P049,9,33,142.0,98.0,62.0,36.6,98.0,Yes,No,No,No,No,No,141.0,Online,Pending,Clinician Review,Good
P012,10,24,121.0,82.0,96.0,36.3,97.0,Yes,Yes,No,No,Yes,No,127.0,Online,Not Required,Immediate Referral,Good
P083,4,39,113.0,76.0,72.0,36.6,97.0,No,No,No,No,No,No,115.0,Online,Not Required,Continue Monitoring,Good
P077,1,33,143.0,98.0,89.0,36.9,96.0,Yes,No,No,Yes,No,No,141.0,Online,Failed,Clinician Review,Good
P051,4,35,125.0,78.0,76.0,36.9,97.0,No,No,No,No,Yes,No,125.0,Online,Pending,Schedule Follow-up,Good
P027,34,39,126.0,82.0,91.0,36.9,98.0,No,No,No,No,No,No,133.0,Online,Not Required,Continue Monitoring,Good
P017,38,29,110.0,77.0,96.0,36.2,95.0,No,No,No,No,No,No,110.0,Online,Not Required,Continue Monitoring,Good
P092,13,20,116.0,73.0,94.0,37.0,,No,No,No,No,No,No,111.0,Online,Pending,Continue Monitoring,Incomplete
P053,19,37,,76.0,98.0,37.3,98.0,No,No,No,No,No,No,112.0,Online,Pending,Continue Monitoring,Incomplete
P078,53,34,125.0,79.0,61.0,36.8,99.0,No,No,No,No,Yes,No,121.0,Online,Pending,Schedule Follow-up,Good
P037,47,21,119.0,75.0,61.0,37.1,99.0,No,No,No,No,No,No,115.0,Offline,Pending,Continue Monitoring,Good
P057,6,13,124.0,80.0,70.0,36.3,99.0,No,No,No,No,No,No,125.0,Offline,Not Required,Continue Monitoring,Good
P014,9,26,144.0,93.0,87.0,36.5,96.0,Yes,Yes,No,Yes,Yes,Yes,147.0,Online,Pending,Immediate Referral,Good
P021,28,33,143.0,98.0,66.0,36.5,96.0,No,No,No,No,Yes,No,146.0,Online,Not Required,Clinician Review,Good
P086,16,14,116.0,73.0,70.0,36.2,96.0,No,No,No,No,No,No,110.0,Online,Not Required,Continue Monitoring,Good
P092,9,20,116.0,76.0,93.0,37.2,100.0,Yes,Yes,No,No,Yes,No,108.0,Online,Completed,Immediate Referral,Good
P034,57,18,115.0,78.0,,36.4,99.0,Yes,Yes,No,No,Yes,No,111.0,Online,Not Required,Immediate Referral,Incomplete
P074,27,30,119.0,78.0,68.0,37.0,97.0,No,No,No,No,No,No,113.0,Online,Not Required,Continue Monitoring,Good
P080,15,36,126.0,74.0,63.0,36.6,,No,No,No,No,No,No,133.0,Online,Pending,Continue Monitoring,Incomplete
P095,10,23,126.0,74.0,63.0,36.1,96.0,No,No,No,No,No,No,124.0,Online,Not Required,Continue Monitoring,Good
P037,42,21,120.0,78.0,95.0,37.1,99.0,No,No,No,No,No,No,120.0,Offline,Not Required,Continue Monitoring,Good
P089,1,17,113.0,75.0,96.0,36.4,96.0,No,No,No,No,No,No,120.0,Online,Pending,Continue Monitoring,Good
P004,1,16,120.0,75.0,81.0,37.0,97.0,No,No,No,No,No,No,118.0,Online,Not Required,Continue Monitoring,Good
P046,1,30,113.0,73.0,61.0,36.7,97.0,No,No,No,No,No,No,112.0,Online,Not Required,Continue Monitoring,Good
P033,9,17,174.0,103.0,86.0,37.1,98.0,No,No,No,No,No,No,173.0,Offline,Not Required,Immediate Referral,Good
P004,22,16,116.0,78.0,87.0,36.3,98.0,No,No,No,No,No,No,112.0,Online,Pending,Continue Monitoring,Good
P067,44,23,119.0,,65.0,36.2,95.0,No,Yes,No,No,Yes,No,123.0,Online,Not Required,Clinician Review,Incomplete
P065,22,21,132.0,77.0,96.0,36.2,96.0,No,No,No,No,No,No,134.0,Online,Pending,Schedule Follow-up,Good
P010,36,22,147.0,74.0,68.0,36.2,99.0,No,No,No,No,No,No,146.0,Offline,Not Required,Clinician Review,Good
P065,27,21,137.0,75.0,75.0,37.2,97.0,No,No,No,No,Yes,No,142.0,Offline,Pending,Schedule Follow-up,Good
P014,31,26,150.0,95.0,86.0,36.3,100.0,No,No,No,No,No,No,157.0,Online,Pending,Clinician Review,Good
P088,33,16,117.0,75.0,85.0,37.2,97.0,No,No,No,No,No,No,120.0,Offline,Not Required,Continue Monitoring,Good
P071,1,27,113.0,76.0,98.0,36.8,97.0,No,No,No,No,No,No,110.0,Online,Not Required,Continue Monitoring,Good
P075,34,31,145.0,74.0,93.0,36.6,99.0,No,No,No,No,No,No,139.0,Online,Completed,Clinician Review,Good
P064,25,20,120.0,78.0,64.0,36.8,98.0,No,No,No,No,No,No,114.0,Online,Failed,Continue Monitoring,Good
P020,10,32,,,,,,No,No,No,No,No,No,-5.0,Offline,Failed,Immediate Referral,Invalid
P067,6,23,164.0,100.0,67.0,37.3,98.0,No,No,No,No,No,No,162.0,Online,Failed,Immediate Referral,Good
P023,20,35,112.0,77.0,76.0,36.3,97.0,No,No,No,No,No,No,111.0,Online,Completed,Continue Monitoring,Good
P036,37,20,123.0,77.0,77.0,37.5,95.0,No,No,No,No,No,No,116.0,Online,Not Required,Continue Monitoring,Good
P062,53,18,114.0,77.0,61.0,37.4,99.0,No,No,No,Yes,No,No,116.0,Online,Failed,Schedule Follow-up,Good
P025,1,37,116.0,73.0,70.0,36.4,100.0,No,No,No,No,No,No,109.0,Online,Pending,Continue Monitoring,Good
P031,11,15,166.0,98.0,,,,No,No,No,No,No,No,160.0,Offline,Not Required,Immediate Referral,Invalid
P052,24,36,115.0,72.0,99.0,37.2,100.0,No,No,No,No,No,No,114.0,Online,Not Required,Continue Monitoring,Good
P062,49,18,118.0,74.0,64.0,36.8,100.0,No,Yes,No,No,No,No,110.0,Online,Not Required,Schedule Follow-up,Good
P005,22,17,130.0,76.0,65.0,36.4,97.0,No,No,No,No,Yes,No,129.0,Online,Failed,Schedule Follow-up,Good
P072,10,28,130.0,79.0,77.0,37.1,96.0,Yes,No,No,No,No,No,127.0,Online,Not Required,Schedule Follow-up,Good
P078,44,34,130.0,81.0,66.0,37.0,95.0,No,No,No,No,No,No,131.0,Online,Not Required,Schedule Follow-up,Good
P001,30,13,113.0,72.0,87.0,36.4,100.0,No,No,No,No,No,No,112.0,Online,Completed,Continue Monitoring,Good
P030,8,14,158.0,99.0,68.0,36.9,100.0,No,No,No,No,No,No,159.0,Offline,Not Required,Clinician Review,Good
P040,31,24,138.0,72.0,96.0,36.1,96.0,No,No,Yes,No,No,No,143.0,Online,Not Required,Schedule Follow-up,Good
P069,17,25,164.0,,72.0,37.3,100.0,No,No,No,No,No,No,157.0,Online,Pending,Immediate Referral,Incomplete
P003,9,15,127.0,81.0,78.0,36.4,95.0,No,No,No,No,Yes,No,119.0,Offline,Pending,Schedule Follow-up,Good
P074,37,30,112.0,72.0,70.0,36.8,98.0,Yes,Yes,No,No,Yes,No,104.0,Online,Not Required,Immediate Referral,Good
P074,22,30,114.0,77.0,85.0,,99.0,No,No,No,No,No,No,106.0,Online,Failed,Continue Monitoring,Incomplete
P031,46,15,116.0,76.0,81.0,36.1,96.0,No,No,No,No,No,No,118.0,Online,Failed,Continue Monitoring,Good
P060,19,16,128.0,74.0,62.0,37.3,97.0,No,No,No,No,No,Yes,134.0,Offline,Not Required,Schedule Follow-up,Good
P079,9,35,120.0,76.0,88.0,37.1,96.0,No,No,No,No,No,No,120.0,Online,Pending,Continue Monitoring,Good
P092,43,20,119.0,76.0,100.0,37.4,96.0,Yes,No,No,No,No,Yes,112.0,Online,Not Required,Clinician Review,Good
P086,1,14,110.0,75.0,82.0,37.4,98.0,No,No,No,No,No,No,112.0,Online,Not Required,Continue Monitoring,Good
P025,27,37,131.0,77.0,88.0,36.4,96.0,Yes,No,No,No,No,No,126.0,Online,Not Required,Schedule Follow-up,Good
P011,17,23,148.0,92.0,73.0,36.2,98.0,No,No,No,No,No,No,149.0,Online,Not Required,Clinician Review,Good
P092,1,20,119.0,74.0,88.0,,99.0,No,No,No,No,No,No,119.0,Online,Completed,Continue Monitoring,Incomplete
P039,43,23,128.0,80.0,65.0,37.3,95.0,No,No,No,No,No,No,121.0,Online,Failed,Continue Monitoring,Good
P021,19,33,143.0,93.0,63.0,36.8,99.0,No,Yes,No,Yes,No,Yes,143.0,Online,Not Required,Immediate Referral,Good
P032,21,16,,72.0,93.0,36.3,98.0,Yes,No,No,No,No,No,120.0,Online,Not Required,Schedule Follow-up,Incomplete
P084,14,12,141.0,92.0,80.0,36.3,100.0,No,No,Yes,Yes,No,Yes,138.0,Offline,Failed,Immediate Referral,Good
P027,10,39,128.0,82.0,78.0,37.2,97.0,No,No,No,No,No,No,120.0,Online,Not Required,Continue Monitoring,Good
P073,7,29,110.0,76.0,87.0,36.8,95.0,No,Yes,No,No,No,No,107.0,Online,Not Required,Schedule Follow-up,Good
P044,1,28,113.0,74.0,83.0,37.0,97.0,No,No,No,No,No,Yes,106.0,Offline,Not Required,Schedule Follow-up,Good
P067,16,23,119.0,78.0,100.0,37.4,99.0,No,No,No,Yes,No,No,111.0,Offline,Completed,Schedule Follow-up,Good
P079,30,35,118.0,75.0,91.0,37.3,96.0,No,No,No,No,Yes,No,122.0,Online,Not Required,Schedule Follow-up,Good
P089,6,17,114.0,75.0,79.0,36.3,96.0,No,No,No,No,No,No,119.0,Online,Not Required,Continue Monitoring,Good
P088,7,16,156.0,102.0,62.0,36.4,96.0,No,No,No,No,No,No,153.0,Online,Failed,Clinician Review,Good
P095,35,23,147.0,78.0,77.0,37.3,99.0,Yes,Yes,No,No,Yes,Yes,148.0,Online,Not Required,Immediate Referral,Good
P008,8,20,112.0,75.0,99.0,37.3,95.0,No,No,No,No,No,No,114.0,Online,Not Required,Continue Monitoring,Good
P017,9,29,111.0,75.0,74.0,37.2,95.0,No,No,No,No,No,No,118.0,Online,Not Required,Continue Monitoring,Good
P057,31,13,123.0,77.0,86.0,37.3,,Yes,No,No,No,No,No,119.0,Offline,Completed,Schedule Follow-up,Incomplete
P070,36,26,141.0,78.0,61.0,37.5,95.0,No,No,No,No,No,No,149.0,Online,Pending,Clinician Review,Good
P080,27,36,137.0,72.0,99.0,37.1,98.0,No,No,No,Yes,No,No,142.0,Online,Failed,Schedule Follow-up,Good
P048,16,32,120.0,81.0,68.0,37.2,98.0,No,No,No,No,No,No,121.0,Online,Not Required,Continue Monitoring,Good
P001,33,13,112.0,76.0,94.0,36.7,100.0,Yes,No,Yes,No,No,No,107.0,Online,Failed,Clinician Review,Good
P069,46,25,,,,,,No,No,No,Yes,No,No,997.0,Online,Not Required,Immediate Referral,Invalid
P027,27,39,128.0,81.0,71.0,36.7,,No,No,No,No,No,No,120.0,Online,Not Required,Continue Monitoring,Incomplete
P047,31,31,117.0,78.0,72.0,36.6,96.0,No,No,No,No,No,No,118.0,Online,Completed,Continue Monitoring,Good
P027,22,39,120.0,81.0,83.0,37.5,99.0,No,No,No,No,Yes,No,120.0,Online,Not Required,Schedule Follow-up,Good
P067,13,23,116.0,78.0,78.0,37.3,100.0,No,No,No,No,No,No,108.0,Online,Completed,Continue Monitoring,Good
P093,1,21,124.0,77.0,92.0,37.3,99.0,No,No,No,No,No,No,125.0,Online,Not Required,Continue Monitoring,Good
P025,10,37,118.0,76.0,90.0,36.3,100.0,No,No,No,Yes,No,No,117.0,Online,Failed,Schedule Follow-up,Good
P015,11,27,126.0,73.0,95.0,37.2,97.0,No,No,No,No,No,No,121.0,Online,Completed,Continue Monitoring,Good
P061,6,17,120.0,74.0,65.0,37.2,98.0,No,No,No,No,No,No,115.0,Offline,Failed,Continue Monitoring,Good
P053,1,37,111.0,74.0,,37.2,98.0,No,No,No,No,No,No,118.0,Online,Not Required,Continue Monitoring,Incomplete
P025,43,37,150.0,72.0,63.0,36.3,98.0,No,No,No,No,No,No,158.0,Offline,Not Required,Clinician Review,Good
P072,1,28,125.0,77.0,89.0,36.7,96.0,No,No,No,No,No,No,132.0,Online,Not Required,Continue Monitoring,Good
P064,21,20,110.0,77.0,88.0,37.3,100.0,No,No,No,No,No,No,116.0,Online,Pending,Continue Monitoring,Good
P039,35,23,129.0,77.0,76.0,36.1,99.0,No,No,No,No,No,No,133.0,Online,Not Required,Continue Monitoring,Good
P063,4,19,141.0,95.0,60.0,36.4,96.0,No,Yes,No,No,Yes,No,133.0,Online,Not Required,Clinician Review,Good
P008,32,20,111.0,77.0,94.0,36.5,97.0,No,No,No,No,Yes,No,110.0,Online,Not Required,Schedule Follow-up,Good
P018,26,30,126.0,80.0,94.0,36.3,96.0,No,No,No,No,No,No,129.0,Online,Pending,Continue Monitoring,Good
P018,9,30,126.0,78.0,96.0,36.9,100.0,No,No,No,No,No,No,127.0,Online,Completed,Continue Monitoring,Good
P018,43,30,125.0,78.0,96.0,37.2,100.0,Yes,No,No,No,No,No,130.0,Online,Failed,Schedule Follow-up,Good
P071,16,27,110.0,74.0,60.0,36.6,96.0,No,No,No,No,No,No,106.0,Online,Failed,Continue Monitoring,Good
P059,4,15,119.0,73.0,64.0,36.8,96.0,Yes,No,No,No,No,No,126.0,Online,Completed,Schedule Follow-up,Good
P099,48,27,120.0,78.0,68.0,37.3,95.0,No,No,No,No,No,No,115.0,Online,Completed,Continue Monitoring,Good
P056,18,12,150.0,96.0,95.0,37.0,100.0,Yes,Yes,No,No,No,No,157.0,Online,Pending,Clinician Review,Good
P026,6,38,118.0,78.0,71.0,36.1,99.0,No,No,No,No,No,No,112.0,Online,Completed,Continue Monitoring,Good
P015,24,27,131.0,78.0,68.0,36.5,,No,No,No,No,No,No,127.0,Online,Failed,Schedule Follow-up,Incomplete
P045,1,29,115.0,78.0,84.0,36.6,99.0,No,No,No,No,No,No,118.0,Online,Not Required,Continue Monitoring,Good
P039,1,23,122.0,79.0,99.0,36.5,100.0,No,No,No,No,No,No,123.0,Online,Not Required,Continue Monitoring,Good
P037,15,21,120.0,77.0,80.0,36.4,97.0,No,No,No,No,No,No,123.0,Online,Completed,Continue Monitoring,Good
P031,36,15,115.0,72.0,95.0,37.1,97.0,Yes,Yes,No,No,Yes,No,111.0,Online,Completed,Immediate Referral,Good
P005,51,17,150.0,73.0,79.0,37.0,95.0,No,No,No,No,No,No,143.0,Online,Not Required,Clinician Review,Good
P034,49,18,113.0,75.0,79.0,36.2,97.0,No,No,No,No,No,No,115.0,Online,Pending,Continue Monitoring,Good
P005,8,17,116.0,76.0,77.0,37.4,96.0,No,No,No,No,No,Yes,113.0,Online,Pending,Schedule Follow-up,Good
P094,32,22,112.0,78.0,90.0,36.1,97.0,No,No,No,No,No,No,116.0,Online,Completed,Continue Monitoring,Good
P032,7,16,114.0,78.0,88.0,36.9,97.0,Yes,Yes,No,No,Yes,No,112.0,Online,Failed,Immediate Referral,Good
P099,45,27,129.0,79.0,71.0,36.8,97.0,No,No,No,No,No,No,133.0,Online,Not Required,Continue Monitoring,Good
P017,46,29,113.0,72.0,75.0,36.3,95.0,No,No,No,Yes,No,Yes,115.0,Online,Pending,Clinician Review,Good
P046,11,30,116.0,75.0,,37.0,100.0,No,No,No,No,No,No,110.0,Online,Not Required,Continue Monitoring,Incomplete
P084,24,12,144.0,94.0,78.0,,95.0,No,No,No,No,No,No,146.0,Online,Not Required,Clinician Review,Incomplete
P074,40,30,116.0,77.0,60.0,37.3,99.0,No,No,No,No,No,Yes,119.0,Online,Pending,Schedule Follow-up,Good
P066,13,22,125.0,79.0,83.0,36.9,97.0,No,No,No,No,No,No,117.0,Online,Failed,Continue Monitoring,Good
P095,30,23,136.0,77.0,88.0,37.4,100.0,No,No,No,No,No,No,139.0,Online,Not Required,Schedule Follow-up,Good
P010,40,22,197.0,100.0,80.0,37.0,99.0,No,No,No,No,No,No,196.0,Online,Completed,Immediate Referral,Good
P045,15,29,130.0,,80.0,36.9,97.0,No,No,No,No,No,No,133.0,Online,Not Required,Schedule Follow-up,Incomplete
P010,11,22,127.0,78.0,67.0,36.4,98.0,Yes,Yes,No,No,Yes,Yes,130.0,Online,Not Required,Immediate Referral,Good
P097,11,25,111.0,73.0,91.0,37.1,97.0,No,No,No,No,No,Yes,116.0,Offline,Not Required,Schedule Follow-up,Good
P024,28,36,124.0,83.0,95.0,36.8,100.0,No,No,No,No,No,No,121.0,Online,Not Required,Continue Monitoring,Good
P095,6,23,114.0,73.0,61.0,36.5,97.0,No,No,No,No,No,No,108.0,Offline,Not Required,Continue Monitoring,Good
P072,4,28,165.0,107.0,61.0,36.2,96.0,No,No,No,No,No,No,157.0,Online,Completed,Immediate Referral,Good
P066,5,22,127.0,77.0,98.0,37.5,96.0,No,No,No,No,No,No,121.0,Online,Failed,Continue Monitoring,Good
P025,21,37,127.0,73.0,71.0,36.2,99.0,No,No,No,No,No,No,128.0,Online,Completed,Continue Monitoring,Good
P007,13,19,141.0,97.0,71.0,36.7,,No,No,No,No,Yes,Yes,140.0,Offline,Completed,Clinician Review,Incomplete
P064,12,20,112.0,73.0,,36.5,96.0,Yes,No,No,No,No,No,108.0,Online,Not Required,Schedule Follow-up,Incomplete
P004,9,16,115.0,73.0,97.0,,95.0,No,No,No,No,No,No,113.0,Online,Pending,Continue Monitoring,Incomplete
P057,13,13,122.0,77.0,69.0,,95.0,No,No,No,No,No,No,129.0,Online,Failed,Continue Monitoring,Incomplete
P051,34,35,174.0,,81.0,,96.0,No,No,No,No,No,No,182.0,Online,Failed,Immediate Referral,Incomplete
P079,23,35,117.0,76.0,100.0,36.7,98.0,No,No,No,No,No,No,114.0,Online,Not Required,Continue Monitoring,Good
P075,52,31,151.0,72.0,62.0,36.9,95.0,No,No,No,Yes,No,No,152.0,Offline,Pending,Clinician Review,Good
P065,19,21,,,,,,No,No,No,Yes,Yes,No,-15.0,Online,Not Required,Immediate Referral,Invalid
P034,14,18,118.0,74.0,91.0,,98.0,No,No,Yes,No,No,No,110.0,Online,Pending,Schedule Follow-up,Incomplete
P039,26,23,,,,,,No,No,No,No,No,No,1.0,Online,Failed,Immediate Referral,Invalid
P056,30,12,148.0,97.0,97.0,36.1,95.0,No,Yes,No,No,Yes,No,156.0,Online,Not Required,Clinician Review,Good
P070,24,26,139.0,77.0,77.0,36.9,97.0,No,No,No,No,Yes,No,131.0,Offline,Completed,Schedule Follow-up,Good
P035,6,19,121.0,77.0,74.0,37.0,96.0,No,No,No,No,No,No,126.0,Online,Pending,Continue Monitoring,Good
P008,40,20,113.0,73.0,71.0,37.2,98.0,No,No,No,No,No,No,118.0,Online,Pending,Continue Monitoring,Good
P068,8,24,,73.0,61.0,36.4,95.0,No,No,No,No,Yes,No,123.0,Online,Failed,Schedule Follow-up,Incomplete
P041,6,25,111.0,73.0,83.0,37.1,99.0,No,No,No,No,No,No,116.0,Offline,Pending,Continue Monitoring,Good
P073,19,29,118.0,72.0,64.0,37.5,98.0,No,No,No,No,No,No,115.0,Online,Failed,Continue Monitoring,Good
P065,5,21,,,,,,No,No,No,No,No,No,998.0,Online,Not Required,Immediate Referral,Invalid
P035,46,19,150.0,78.0,70.0,36.9,98.0,No,No,No,No,No,No,143.0,Online,Not Required,Clinician Review,Good
P028,23,12,151.0,95.0,67.0,36.6,95.0,Yes,No,No,No,No,No,152.0,Online,Pending,Clinician Review,Good
P081,12,37,,78.0,78.0,37.0,,No,No,No,No,No,No,126.0,Online,Pending,Continue Monitoring,Incomplete
P049,13,33,142.0,95.0,69.0,36.3,97.0,No,Yes,No,Yes,No,Yes,143.0,Online,Pending,Immediate Referral,Good
P008,13,20,117.0,73.0,93.0,36.7,99.0,Yes,Yes,No,No,Yes,No,122.0,Online,Failed,Immediate Referral,Good
P016,34,28,113.0,77.0,86.0,36.3,96.0,No,No,Yes,No,No,No,111.0,Online,Not Required,Schedule Follow-up,Good
P069,1,25,124.0,80.0,69.0,36.5,99.0,No,No,No,No,No,Yes,119.0,Online,Not Required,Schedule Follow-up,Good
P042,1,26,144.0,96.0,94.0,36.9,99.0,No,No,No,No,No,No,148.0,Offline,Not Required,Clinician Review,Good
P015,15,27,174.0,102.0,76.0,36.9,99.0,No,No,No,No,No,No,175.0,Online,Completed,Immediate Referral,Good
P076,11,32,111.0,74.0,81.0,36.9,97.0,No,Yes,No,No,No,No,104.0,Online,Not Required,Schedule Follow-up,Good
P002,1,14,120.0,77.0,63.0,36.4,99.0,No,No,No,No,No,No,124.0,Offline,Completed,Continue Monitoring,Good
P091,47,19,154.0,96.0,79.0,37.2,97.0,No,No,No,Yes,Yes,No,154.0,Online,Failed,Clinician Review,Good
P055,56,39,156.0,72.0,,36.5,97.0,No,No,No,Yes,No,No,154.0,Online,Not Required,Clinician Review,Incomplete
P084,32,12,,95.0,68.0,37.3,96.0,No,Yes,No,Yes,No,No,146.0,Online,Not Required,Clinician Review,Incomplete
P045,37,29,141.0,78.0,88.0,36.7,98.0,No,No,No,No,No,No,146.0,Offline,Not Required,Clinician Review,Good
P010,47,22,155.0,78.0,93.0,37.0,95.0,Yes,No,No,No,No,No,148.0,Online,Completed,Clinician Review,Good
P035,17,19,123.0,78.0,77.0,36.7,100.0,No,No,No,No,Yes,No,126.0,Offline,Completed,Schedule Follow-up,Good
P061,37,17,116.0,78.0,94.0,36.2,99.0,No,No,No,No,No,No,120.0,Offline,Completed,Continue Monitoring,Good
P053,23,37,114.0,74.0,62.0,37.0,98.0,Yes,Yes,No,No,Yes,No,118.0,Online,Not Required,Immediate Referral,Good
P013,4,25,119.0,78.0,91.0,37.1,99.0,No,No,No,No,No,No,118.0,Online,Failed,Continue Monitoring,Good
P099,9,27,122.0,83.0,64.0,37.4,97.0,No,No,No,No,No,No,123.0,Online,Not Required,Continue Monitoring,Good
P099,42,27,128.0,81.0,69.0,36.5,96.0,No,No,No,Yes,No,No,133.0,Online,Failed,Schedule Follow-up,Good
P016,20,28,112.0,74.0,76.0,36.5,,No,No,No,No,No,No,109.0,Online,Pending,Continue Monitoring,Incomplete
P068,18,24,120.0,74.0,75.0,37.0,95.0,No,No,No,No,No,No,115.0,Online,Completed,Continue Monitoring,Good
P082,40,38,115.0,75.0,97.0,37.1,98.0,No,No,No,No,No,No,111.0,Online,Not Required,Continue Monitoring,Good
P069,34,25,123.0,78.0,96.0,37.2,96.0,No,No,No,No,No,No,125.0,Online,Completed,Continue Monitoring,Good
P039,49,23,120.0,83.0,67.0,36.1,96.0,No,Yes,No,No,No,No,127.0,Online,Completed,Schedule Follow-up,Good
P039,30,23,121.0,77.0,95.0,36.2,97.0,No,No,No,Yes,No,No,120.0,Online,Failed,Schedule Follow-up,Good
P084,37,12,185.0,118.0,80.0,36.5,99.0,No,No,No,No,No,No,190.0,Offline,Not Required,Immediate Referral,Good
P092,17,20,,,,,,No,Yes,No,No,No,No,306.0,Offline,Failed,Immediate Referral,Invalid
P050,10,34,121.0,74.0,60.0,37.2,99.0,No,No,No,No,No,No,128.0,Online,Not Required,Continue Monitoring,Good
P078,25,34,126.0,81.0,96.0,36.9,98.0,No,No,No,No,No,No,118.0,Online,Completed,Continue Monitoring,Good
P034,17,18,110.0,74.0,97.0,36.7,97.0,No,No,No,No,No,No,118.0,Online,Not Required,Continue Monitoring,Good
P004,36,16,118.0,78.0,71.0,36.6,97.0,No,No,Yes,No,No,No,122.0,Online,Pending,Schedule Follow-up,Good
P042,5,26,141.0,97.0,68.0,36.8,98.0,No,No,Yes,No,No,No,141.0,Offline,Failed,Clinician Review,Good
P080,36,36,143.0,76.0,97.0,36.2,95.0,No,No,No,No,No,No,147.0,Offline,Completed,Clinician Review,Good
P025,17,37,125.0,72.0,96.0,36.3,97.0,No,Yes,No,No,Yes,No,126.0,Online,Not Required,Clinician Review,Good
P091,33,19,150.0,93.0,92.0,36.3,99.0,No,No,No,Yes,Yes,No,142.0,Online,Failed,Clinician Review,Good
P060,8,16,124.0,78.0,83.0,36.1,95.0,Yes,No,No,No,No,No,121.0,Online,Completed,Schedule Follow-up,Good
P025,35,37,144.0,72.0,,37.1,96.0,No,No,No,No,No,No,138.0,Offline,Pending,Clinician Review,Incomplete
P074,14,30,120.0,72.0,92.0,36.9,97.0,No,No,No,No,No,No,114.0,Online,Completed,Continue Monitoring,Good
P020,5,32,115.0,75.0,65.0,37.4,100.0,No,No,No,No,No,No,121.0,Offline,Not Required,Continue Monitoring,Good
P034,34,18,117.0,74.0,73.0,37.5,100.0,No,No,No,No,No,No,112.0,Online,Pending,Continue Monitoring,Good
P047,12,31,113.0,77.0,76.0,37.3,99.0,No,No,No,No,No,No,112.0,Online,Not Required,Continue Monitoring,Good
P039,13,23,126.0,79.0,88.0,37.0,97.0,No,No,No,No,No,Yes,133.0,Online,Not Required,Schedule Follow-up,Good
P057,21,13,129.0,77.0,74.0,36.2,95.0,No,No,No,No,No,No,133.0,Online,Not Required,Continue Monitoring,Good
P079,40,35,116.0,77.0,99.0,36.6,96.0,No,No,No,No,No,No,122.0,Online,Not Required,Continue Monitoring,Good
P093,24,21,120.0,77.0,86.0,37.2,100.0,Yes,Yes,No,No,Yes,No,123.0,Online,Not Required,Immediate Referral,Good
P035,21,19,126.0,75.0,78.0,36.2,98.0,No,No,No,No,No,No,123.0,Online,Completed,Continue Monitoring,Good
P036,12,20,126.0,79.0,99.0,36.4,97.0,No,Yes,No,No,Yes,No,133.0,Online,Pending,Clinician Review,Good
P051,14,35,129.0,77.0,74.0,37.5,97.0,No,No,No,No,No,No,126.0,Online,Not Required,Continue Monitoring,Good
P057,1,13,129.0,77.0,61.0,36.7,98.0,No,No,No,No,No,No,129.0,Offline,Failed,Continue Monitoring,Good
P046,22,30,113.0,,72.0,36.9,,No,No,No,No,Yes,No,107.0,Online,Not Required,Schedule Follow-up,Incomplete
P016,8,28,116.0,74.0,76.0,36.3,98.0,No,No,No,No,Yes,No,120.0,Online,Not Required,Schedule Follow-up,Good
P051,42,35,126.0,83.0,62.0,,95.0,No,No,No,No,No,Yes,131.0,Offline,Pending,Schedule Follow-up,Incomplete
P069,21,25,127.0,79.0,96.0,36.9,99.0,Yes,Yes,No,No,Yes,Yes,122.0,Online,Pending,Immediate Referral,Good
P060,40,16,144.0,75.0,83.0,,96.0,Yes,No,No,Yes,No,Yes,138.0,Offline,Not Required,Immediate Referral,Incomplete
P061,25,17,112.0,72.0,98.0,37.1,96.0,Yes,No,No,No,No,No,120.0,Online,Completed,Schedule Follow-up,Good
P087,34,15,128.0,77.0,97.0,37.3,99.0,No,No,No,No,Yes,No,135.0,Online,Not Required,Schedule Follow-up,Good
P032,4,16,116.0,76.0,69.0,36.8,99.0,No,No,No,No,No,No,121.0,Online,Not Required,Continue Monitoring,Good
P076,26,32,118.0,73.0,100.0,37.4,96.0,No,No,No,No,No,No,120.0,Online,Failed,Continue Monitoring,Good
P030,37,14,142.0,77.0,60.0,37.0,100.0,No,Yes,No,No,Yes,No,146.0,Online,Not Required,Clinician Review,Good
P001,7,13,115.0,77.0,72.0,36.2,96.0,No,No,No,No,No,Yes,122.0,Online,Completed,Schedule Follow-up,Good
P085,21,13,134.0,73.0,68.0,37.2,100.0,Yes,No,No,No,No,No,140.0,Online,Pending,Schedule Follow-up,Good
P095,18,23,124.0,74.0,75.0,37.3,100.0,No,No,No,No,No,No,126.0,Online,Pending,Continue Monitoring,Good
P054,4,38,126.0,,62.0,36.6,100.0,No,No,No,No,No,No,125.0,Online,Not Required,Continue Monitoring,Incomplete
P082,18,38,113.0,77.0,74.0,36.9,97.0,Yes,No,No,No,No,No,117.0,Online,Not Required,Schedule Follow-up,Good
P035,52,19,156.0,77.0,95.0,37.1,97.0,No,No,No,No,No,Yes,149.0,Online,Completed,Clinician Review,Good
P042,19,26,145.0,98.0,65.0,37.0,99.0,No,Yes,No,No,Yes,Yes,144.0,Online,Not Required,Immediate Referral,Good
P089,18,17,110.0,78.0,75.0,36.2,100.0,No,No,No,No,No,No,107.0,Online,Failed,Continue Monitoring,Good
P082,27,38,114.0,77.0,100.0,36.6,96.0,No,No,No,No,No,No,106.0,Online,Not Required,Continue Monitoring,Good
P098,17,26,141.0,96.0,81.0,37.4,99.0,No,Yes,Yes,No,No,No,139.0,Online,Not Required,Clinician Review,Good
P030,11,14,127.0,72.0,77.0,36.3,97.0,Yes,Yes,No,No,Yes,No,126.0,Offline,Failed,Immediate Referral,Good
P007,18,19,142.0,94.0,80.0,37.3,96.0,No,Yes,No,Yes,No,No,150.0,Offline,Failed,Clinician Review,Good
P090,32,18,136.0,72.0,83.0,37.1,98.0,No,No,No,No,No,No,136.0,Online,Not Required,Schedule Follow-up,Good
P014,26,26,152.0,95.0,63.0,36.3,96.0,No,Yes,No,No,Yes,No,150.0,Online,Not Required,Clinician Review,Good
P078,35,34,,78.0,89.0,36.1,97.0,No,No,No,No,No,No,117.0,Online,Not Required,Continue Monitoring,Incomplete
P054,8,38,122.0,80.0,71.0,37.1,95.0,No,No,No,No,No,Yes,121.0,Online,Completed,Schedule Follow-up,Good
P062,22,18,146.0,91.0,72.0,36.3,98.0,No,No,No,No,No,No,143.0,Online,Completed,Clinician Review,Good
P020,15,32,129.0,78.0,75.0,36.6,100.0,No,No,No,No,No,No,133.0,Online,Failed,Continue Monitoring,Good
P039,39,23,122.0,,78.0,36.6,98.0,No,No,No,No,No,No,117.0,Online,Completed,Continue Monitoring,Incomplete
P015,20,27,134.0,78.0,84.0,36.9,95.0,Yes,Yes,No,No,Yes,No,139.0,Offline,Not Required,Immediate Referral,Good
P094,1,22,118.0,77.0,95.0,37.0,96.0,No,No,No,No,No,No,118.0,Online,Not Required,Continue Monitoring,Good
P047,17,31,113.0,77.0,69.0,36.3,96.0,No,No,No,No,No,No,110.0,Online,Failed,Continue Monitoring,Good
P026,1,38,112.0,77.0,82.0,36.7,98.0,No,No,No,No,No,No,108.0,Online,Failed,Continue Monitoring,Good
P050,5,34,118.0,75.0,91.0,36.5,96.0,Yes,No,No,No,No,No,116.0,Offline,Failed,Schedule Follow-up,Good
P051,9,35,130.0,79.0,96.0,37.3,98.0,Yes,Yes,No,No,Yes,No,123.0,Offline,Not Required,Immediate Referral,Good
P087,23,15,124.0,77.0,64.0,36.9,,No,No,Yes,No,Yes,No,126.0,Online,Pending,Clinician Review,Incomplete
P042,22,26,146.0,93.0,87.0,37.5,100.0,Yes,No,No,Yes,No,Yes,145.0,Offline,Not Required,Immediate Referral,Good
P030,1,14,120.0,75.0,85.0,36.2,99.0,No,No,No,No,No,No,123.0,Offline,Failed,Continue Monitoring,Good
P074,47,30,119.0,75.0,94.0,36.7,96.0,No,No,No,No,No,No,118.0,Online,Completed,Continue Monitoring,Good
P054,13,38,122.0,77.0,81.0,36.4,95.0,Yes,Yes,No,No,Yes,No,130.0,Online,Pending,Immediate Referral,Good
P031,28,15,110.0,77.0,63.0,36.1,98.0,No,No,No,No,No,No,109.0,Online,Completed,Continue Monitoring,Good
P075,42,31,149.0,77.0,62.0,36.5,97.0,Yes,No,No,No,No,Yes,145.0,Online,Completed,Clinician Review,Good
P096,5,24,125.0,78.0,96.0,37.1,96.0,No,Yes,No,No,Yes,No,130.0,Online,Not Required,Clinician Review,Good
P016,29,28,114.0,76.0,99.0,37.3,99.0,No,No,No,No,No,No,112.0,Online,Not Required,Continue Monitoring,Good
P087,16,15,,81.0,98.0,36.9,99.0,No,No,No,No,No,No,126.0,Online,Not Required,Continue Monitoring,Incomplete
P068,1,24,119.0,74.0,92.0,36.7,99.0,No,No,No,No,No,No,111.0,Online,Not Required,Continue Monitoring,Good
P012,24,24,120.0,82.0,71.0,36.3,,No,No,No,No,No,No,115.0,Online,Pending,Continue Monitoring,Incomplete
P048,1,32,129.0,80.0,79.0,36.6,95.0,No,No,No,No,No,No,126.0,Offline,Not Required,Continue Monitoring,Good
P012,6,24,126.0,78.0,81.0,36.9,100.0,No,No,Yes,No,No,No,128.0,Online,Not Required,Schedule Follow-up,Good
P088,1,16,111.0,73.0,94.0,36.9,95.0,No,No,No,No,No,No,115.0,Offline,Not Required,Continue Monitoring,Good
P024,21,36,,,,,,No,No,No,No,No,No,300.0,Online,Completed,Immediate Referral,Invalid
P010,23,22,132.0,72.0,89.0,36.5,95.0,No,No,No,No,No,No,139.0,Online,Completed,Schedule Follow-up,Good
P041,44,25,112.0,73.0,72.0,36.3,96.0,No,No,No,No,No,No,114.0,Online,Not Required,Continue Monitoring,Good
P057,52,13,130.0,80.0,89.0,36.6,95.0,No,No,No,No,No,No,131.0,Online,Not Required,Schedule Follow-up,Good
P001,56,13,119.0,76.0,76.0,,96.0,No,No,No,No,No,No,118.0,Online,Completed,Continue Monitoring,Incomplete
P057,47,13,122.0,82.0,68.0,36.5,97.0,Yes,No,No,No,No,No,116.0,Online,Not Required,Schedule Follow-up,Good
P033,17,17,129.0,83.0,98.0,37.4,96.0,No,No,No,No,No,No,133.0,Online,Pending,Continue Monitoring,Good
P017,13,29,119.0,78.0,81.0,36.6,99.0,No,No,No,No,No,No,121.0,Online,Not Required,Continue Monitoring,Good
P075,13,31,128.0,72.0,75.0,37.1,100.0,No,No,No,Yes,No,No,134.0,Online,Not Required,Schedule Follow-up,Good
P025,39,37,194.0,95.0,82.0,36.3,97.0,No,No,No,No,No,No,199.0,Online,Not Required,Immediate Referral,Good
P083,20,39,112.0,73.0,,36.6,97.0,No,No,No,No,No,No,108.0,Online,Not Required,Continue Monitoring,Incomplete
P063,1,19,,94.0,88.0,37.3,95.0,Yes,No,No,No,No,Yes,138.0,Offline,Not Required,Clinician Review,Incomplete
P066,1,22,125.0,78.0,88.0,36.8,99.0,No,No,No,No,No,No,123.0,Online,Not Required,Continue Monitoring,Good
P003,39,15,122.0,77.0,86.0,36.2,98.0,No,No,No,No,No,No,125.0,Online,Not Required,Continue Monitoring,Good
P012,40,24,129.0,79.0,80.0,37.2,100.0,No,No,No,No,No,No,132.0,Online,Failed,Continue Monitoring,Good
P051,19,35,129.0,81.0,61.0,37.0,99.0,No,No,No,No,No,No,136.0,Online,Completed,Continue Monitoring,Good
P074,17,30,112.0,72.0,71.0,37.2,97.0,No,No,No,No,No,No,107.0,Online,Completed,Continue Monitoring,Good
P092,5,20,114.0,76.0,94.0,36.2,97.0,No,No,No,No,Yes,No,106.0,Online,Pending,Schedule Follow-up,Good
P045,30,29,140.0,77.0,85.0,36.5,98.0,No,No,No,No,No,No,143.0,Offline,Not Required,Clinician Review,Good
P031,15,15,111.0,72.0,78.0,36.3,97.0,No,No,No,No,No,No,116.0,Offline,Completed,Continue Monitoring,Good
P014,6,26,,92.0,70.0,36.8,96.0,Yes,No,Yes,No,No,Yes,151.0,Online,Not Required,Immediate Referral,Incomplete
P057,40,13,121.0,77.0,80.0,37.0,97.0,No,No,No,No,No,Yes,118.0,Online,Not Required,Schedule Follow-up,Good
P028,31,12,143.0,95.0,85.0,36.8,98.0,Yes,No,No,Yes,Yes,No,145.0,Online,Completed,Immediate Referral,Good
P022,4,34,111.0,76.0,81.0,37.0,100.0,No,No,No,No,No,No,112.0,Online,Not Required,Continue Monitoring,Good
P005,29,17,136.0,73.0,98.0,,100.0,No,No,No,No,No,No,142.0,Online,Not Required,Schedule Follow-up,Incomplete
P099,17,27,126.0,77.0,62.0,36.7,100.0,No,No,No,No,No,No,126.0,Online,Not Required,Continue Monitoring,Good
P046,4,30,159.0,102.0,97.0,37.3,100.0,No,No,No,No,No,No,158.0,Online,Pending,Clinician Review,Good
P065,14,21,126.0,77.0,85.0,36.8,96.0,No,No,No,No,No,No,118.0,Online,Not Required,Continue Monitoring,Good
P053,6,37,114.0,73.0,,,95.0,No,No,No,No,No,No,113.0,Offline,Pending,Continue Monitoring,Incomplete
P079,12,35,120.0,77.0,91.0,36.5,97.0,No,No,No,No,No,No,112.0,Online,Not Required,Continue Monitoring,Good
P065,1,21,119.0,76.0,94.0,36.2,98.0,No,No,Yes,No,Yes,No,111.0,Online,Not Required,Clinician Review,Good
P037,28,21,,72.0,85.0,36.7,99.0,No,No,No,No,No,No,109.0,Offline,Not Required,Continue Monitoring,Incomplete
P055,22,39,134.0,74.0,94.0,36.9,99.0,No,No,No,No,No,No,135.0,Offline,Pending,Schedule Follow-up,Good
P020,1,32,120.0,75.0,66.0,36.9,99.0,No,No,No,No,No,No,120.0,Online,Not Required,Continue Monitoring,Good
P005,41,17,142.0,76.0,90.0,37.4,95.0,No,No,No,No,No,Yes,144.0,Online,Failed,Clinician Review,Good
P042,15,26,150.0,92.0,85.0,36.8,100.0,Yes,No,No,No,No,Yes,157.0,Online,Not Required,Clinician Review,Good
P048,4,32,126.0,83.0,71.0,36.4,96.0,No,Yes,No,No,No,No,134.0,Online,Not Required,Schedule Follow-up,Good
P057,16,13,129.0,80.0,80.0,,96.0,No,No,No,No,No,No,126.0,Online,Not Required,Continue Monitoring,Incomplete
P091,20,19,144.0,92.0,64.0,37.4,98.0,Yes,No,No,No,No,No,144.0,Online,Completed,Clinician Review,Good
P069,12,25,122.0,81.0,79.0,36.3,97.0,No,No,No,No,No,No,128.0,Online,Not Required,Continue Monitoring,Good
P001,4,13,117.0,75.0,79.0,36.5,96.0,No,No,No,No,No,No,116.0,Offline,Pending,Continue Monitoring,Good
P086,12,14,119.0,73.0,62.0,36.6,98.0,No,Yes,No,No,No,No,125.0,Online,Not Required,Schedule Follow-up,Good
P055,6,39,122.0,76.0,71.0,37.2,99.0,Yes,No,No,No,Yes,No,117.0,Online,Failed,Clinician Review,Good
P091,1,19,145.0,97.0,74.0,36.8,99.0,Yes,No,No,No,No,Yes,145.0,Online,Pending,Clinician Review,Good
P041,29,25,111.0,74.0,74.0,36.4,98.0,No,No,No,No,No,No,109.0,Offline,Completed,Continue Monitoring,Good
P080,23,36,135.0,73.0,96.0,36.1,96.0,No,No,No,No,Yes,No,127.0,Online,Not Required,Schedule Follow-up,Good
P012,15,24,130.0,81.0,89.0,36.9,98.0,No,No,No,No,No,No,127.0,Online,Not Required,Schedule Follow-up,Good
P034,44,18,,75.0,94.0,37.0,100.0,No,No,No,No,No,No,113.0,Online,Pending,Continue Monitoring,Incomplete
P027,16,39,,83.0,77.0,37.2,96.0,No,No,No,No,No,No,124.0,Online,Failed,Continue Monitoring,Incomplete
P034,4,18,119.0,73.0,99.0,37.5,98.0,No,No,No,No,Yes,No,122.0,Online,Pending,Schedule Follow-up,Good
P010,1,22,113.0,73.0,83.0,36.2,100.0,No,No,No,No,No,No,111.0,Online,Failed,Continue Monitoring,Good
P047,8,31,113.0,78.0,94.0,36.3,99.0,No,No,No,No,No,No,120.0,Online,Failed,Continue Monitoring,Good
P004,12,16,115.0,72.0,68.0,36.5,100.0,No,No,No,No,No,No,117.0,Online,Pending,Continue Monitoring,Good
P057,43,13,123.0,78.0,82.0,36.4,99.0,Yes,Yes,No,No,No,No,118.0,Offline,Failed,Clinician Review,Good
P079,26,35,113.0,76.0,91.0,,97.0,No,No,No,No,No,No,120.0,Online,Completed,Continue Monitoring,Incomplete
P100,52,28,204.0,90.0,81.0,37.4,97.0,No,No,No,No,No,No,210.0,Online,Not Required,Immediate Referral,Good
P041,18,25,117.0,,100.0,37.3,97.0,No,No,No,No,No,No,122.0,Offline,Failed,Continue Monitoring,Incomplete
P099,5,27,123.0,80.0,68.0,37.4,99.0,No,No,No,No,No,No,124.0,Online,Not Required,Continue Monitoring,Good
P069,31,25,130.0,83.0,98.0,37.0,100.0,No,No,No,No,No,No,122.0,Online,Not Required,Schedule Follow-up,Good
P031,18,15,115.0,76.0,89.0,36.3,98.0,No,No,No,No,No,No,120.0,Online,Pending,Continue Monitoring,Good
P052,19,36,113.0,76.0,92.0,37.2,95.0,No,No,No,No,No,No,114.0,Online,Not Required,Continue Monitoring,Good
P073,24,29,119.0,72.0,82.0,36.4,100.0,No,No,No,No,No,No,122.0,Online,Not Required,Continue Monitoring,Good
P042,8,26,150.0,94.0,88.0,36.7,95.0,Yes,Yes,Yes,No,No,No,150.0,Offline,Not Required,Immediate Referral,Good
P035,10,19,125.0,77.0,99.0,36.5,100.0,No,No,No,No,Yes,No,118.0,Online,Pending,Schedule Follow-up,Good
P017,23,29,117.0,78.0,79.0,37.2,96.0,No,No,No,No,No,No,122.0,Online,Completed,Continue Monitoring,Good
P090,11,18,125.0,72.0,69.0,36.9,98.0,No,No,No,No,Yes,No,126.0,Online,Pending,Schedule Follow-up,Good
P011,9,23,110.0,72.0,90.0,36.9,95.0,Yes,Yes,No,Yes,Yes,No,118.0,Offline,Pending,Immediate Referral,Good
P070,9,26,118.0,72.0,73.0,36.9,98.0,No,No,No,No,No,No,123.0,Offline,Not Required,Continue Monitoring,Good
P034,29,18,111.0,76.0,70.0,36.9,95.0,No,Yes,No,No,Yes,No,112.0,Online,Not Required,Clinician Review,Good
P035,24,19,131.0,74.0,71.0,36.4,99.0,No,No,No,No,No,Yes,131.0,Online,Pending,Schedule Follow-up,Good
P041,49,25,120.0,77.0,82.0,36.5,96.0,No,No,No,No,No,No,128.0,Online,Failed,Continue Monitoring,Good
P036,24,20,120.0,78.0,66.0,36.2,100.0,No,No,No,No,Yes,No,116.0,Online,Failed,Schedule Follow-up,Good
P049,17,33,149.0,97.0,86.0,36.3,98.0,Yes,Yes,Yes,No,Yes,No,141.0,Online,Pending,Immediate Referral,Good
P010,14,22,130.0,78.0,96.0,36.3,98.0,No,No,No,No,No,No,132.0,Online,Failed,Schedule Follow-up,Good
P052,1,36,160.0,90.0,92.0,36.3,96.0,No,No,No,No,No,No,152.0,Online,Not Required,Immediate Referral,Good
P084,49,12,151.0,97.0,69.0,37.3,97.0,No,Yes,No,Yes,Yes,Yes,143.0,Online,Not Required,Immediate Referral,Good
P067,1,23,,,,,,No,Yes,No,No,No,No,1003.0,Online,Not Required,Immediate Referral,Invalid
P045,22,29,136.0,77.0,89.0,37.1,,Yes,Yes,No,No,No,No,142.0,Online,Completed,Clinician Review,Incomplete
